data_in, wen, ren, data_out, valid_out
[[0],[0]], 1, 0, [[0],[0]], 0
[[1],[0]], 1, 0, [[0],[0]], 0
[[2],[0]], 1, 0, [[0],[0]], 0
[[3],[0]], 1, 0, [[0],[0]], 0
[[4],[0]], 1, 0, [[0],[0]], 0
[[5],[0]], 1, 0, [[0],[0]], 0
[[6],[0]], 1, 0, [[0],[0]], 0
[[7],[0]], 1, 0, [[0],[0]], 0
[[8],[0]], 1, 0, [[0],[0]], 0
[[9],[0]], 1, 0, [[0],[0]], 0
[[10],[0]], 1, 0, [[0],[0]], 0
[[11],[0]], 1, 0, [[0],[0]], 0
[[12],[0]], 1, 0, [[0],[0]], 0
[[13],[0]], 1, 0, [[0],[0]], 0
[[14],[0]], 1, 0, [[0],[0]], 0
[[15],[0]], 1, 0, [[0],[0]], 0
[[16],[0]], 1, 0, [[0],[0]], 0
[[17],[0]], 1, 0, [[0],[0]], 0
[[18],[0]], 1, 0, [[0],[0]], 0
[[19],[0]], 1, 0, [[0],[0]], 0
[[20],[0]], 1, 0, [[0],[0]], 0
[[21],[0]], 1, 0, [[0],[0]], 0
[[22],[0]], 1, 0, [[0],[0]], 0
[[23],[0]], 1, 0, [[0],[0]], 0
[[24],[0]], 1, 0, [[0],[0]], 0
[[25],[0]], 1, 0, [[0],[0]], 0
[[26],[0]], 1, 0, [[0],[0]], 0
[[27],[0]], 1, 0, [[0],[0]], 0
[[28],[0]], 1, 3, [[0],[0]], 0
[[29],[0]], 1, 3, [[0],[0]], 0
[[30],[0]], 1, 3, [[0],[0]], 0
[[31],[0]], 1, 3, [[0],[0]], 0
[[32],[0]], 1, 3, [[0],[16]], 3
[[33],[0]], 1, 3, [[1],[17]], 3
[[34],[0]], 1, 3, [[2],[18]], 3
[[35],[0]], 1, 3, [[3],[19]], 3
[[36],[0]], 1, 3, [[4],[20]], 3
[[37],[0]], 1, 3, [[5],[21]], 3
[[38],[0]], 1, 3, [[6],[22]], 3
[[39],[0]], 1, 3, [[7],[23]], 3
[[40],[0]], 1, 3, [[8],[24]], 3
[[41],[0]], 1, 3, [[9],[25]], 3
[[42],[0]], 1, 3, [[10],[26]], 3
[[43],[0]], 1, 3, [[11],[27]], 3
[[44],[0]], 1, 3, [[12],[28]], 3
[[45],[0]], 1, 3, [[13],[29]], 3
[[46],[0]], 1, 3, [[14],[30]], 3
[[47],[0]], 1, 3, [[15],[31]], 3
[[48],[0]], 1, 3, [[16],[32]], 3
[[49],[0]], 1, 3, [[17],[33]], 3
[[50],[0]], 1, 3, [[18],[34]], 3
[[51],[0]], 1, 3, [[19],[35]], 3
[[52],[0]], 1, 3, [[20],[36]], 3
[[53],[0]], 1, 3, [[21],[37]], 3
[[54],[0]], 1, 3, [[22],[38]], 3
[[55],[0]], 1, 3, [[23],[39]], 3
[[56],[0]], 1, 3, [[24],[40]], 3
[[57],[0]], 1, 3, [[25],[41]], 3
[[58],[0]], 1, 3, [[26],[42]], 3
[[59],[0]], 1, 3, [[27],[43]], 3
[[60],[0]], 1, 3, [[28],[44]], 3
[[61],[0]], 1, 3, [[29],[45]], 3
[[62],[0]], 1, 3, [[30],[46]], 3
[[63],[0]], 1, 3, [[31],[47]], 3
[[64],[0]], 1, 3, [[32],[48]], 3
[[65],[0]], 1, 3, [[33],[49]], 3
[[66],[0]], 1, 3, [[34],[50]], 3
[[67],[0]], 1, 3, [[35],[51]], 3
[[68],[0]], 1, 3, [[36],[52]], 3
[[69],[0]], 1, 3, [[37],[53]], 3
[[70],[0]], 1, 3, [[38],[54]], 3
[[71],[0]], 1, 3, [[39],[55]], 3
[[72],[0]], 1, 3, [[40],[56]], 3
[[73],[0]], 1, 3, [[41],[57]], 3
[[74],[0]], 1, 3, [[42],[58]], 3
[[75],[0]], 1, 3, [[43],[59]], 3
[[76],[0]], 1, 3, [[44],[60]], 3
[[77],[0]], 1, 3, [[45],[61]], 3
[[78],[0]], 1, 3, [[46],[62]], 3
[[79],[0]], 1, 3, [[47],[63]], 3
[[80],[0]], 1, 3, [[48],[64]], 3
[[81],[0]], 1, 3, [[49],[65]], 3
[[82],[0]], 1, 3, [[50],[66]], 3
[[83],[0]], 1, 3, [[51],[67]], 3
[[84],[0]], 1, 3, [[52],[68]], 3
[[85],[0]], 1, 3, [[53],[69]], 3
[[86],[0]], 1, 3, [[54],[70]], 3
[[87],[0]], 1, 3, [[55],[71]], 3
[[88],[0]], 1, 3, [[56],[72]], 3
[[89],[0]], 1, 3, [[57],[73]], 3
[[90],[0]], 1, 3, [[58],[74]], 3
[[91],[0]], 1, 3, [[59],[75]], 3
[[92],[0]], 1, 3, [[60],[76]], 3
[[93],[0]], 1, 3, [[61],[77]], 3
[[94],[0]], 1, 3, [[62],[78]], 3
[[95],[0]], 1, 3, [[63],[79]], 3
[[96],[0]], 1, 3, [[64],[80]], 3
[[97],[0]], 1, 3, [[65],[81]], 3
[[98],[0]], 1, 3, [[66],[82]], 3
[[99],[0]], 1, 3, [[67],[83]], 3
[[100],[0]], 1, 3, [[68],[84]], 3
[[101],[0]], 1, 3, [[69],[85]], 3
[[102],[0]], 1, 3, [[70],[86]], 3
[[103],[0]], 1, 3, [[71],[87]], 3
[[104],[0]], 1, 3, [[72],[88]], 3
[[105],[0]], 1, 3, [[73],[89]], 3
[[106],[0]], 1, 3, [[74],[90]], 3
[[107],[0]], 1, 3, [[75],[91]], 3
[[108],[0]], 1, 3, [[76],[92]], 3
[[109],[0]], 1, 3, [[77],[93]], 3
[[110],[0]], 1, 3, [[78],[94]], 3
[[111],[0]], 1, 3, [[79],[95]], 3
[[112],[0]], 1, 3, [[80],[96]], 3
[[113],[0]], 1, 3, [[81],[97]], 3
[[114],[0]], 1, 3, [[82],[98]], 3
[[115],[0]], 1, 3, [[83],[99]], 3
[[116],[0]], 1, 3, [[84],[100]], 3
[[117],[0]], 1, 3, [[85],[101]], 3
[[118],[0]], 1, 3, [[86],[102]], 3
[[119],[0]], 1, 3, [[87],[103]], 3
[[120],[0]], 1, 3, [[88],[104]], 3
[[121],[0]], 1, 3, [[89],[105]], 3
[[122],[0]], 1, 3, [[90],[106]], 3
[[123],[0]], 1, 3, [[91],[107]], 3
[[124],[0]], 1, 3, [[92],[108]], 3
[[125],[0]], 1, 3, [[93],[109]], 3
[[126],[0]], 1, 3, [[94],[110]], 3
[[127],[0]], 1, 3, [[95],[111]], 3
