data_in, data_out
[[0],[0],[0],[0]], [[0],[0],[0],[0]]
[[0],[0],[0],[0]], [[0],[0],[0],[0]]
[[0],[0],[0],[0]], [[0],[0],[0],[0]]
[[0],[0],[0],[0]], [[0],[0],[0],[0]]
[[0],[1],[2],[3]], [[0],[0],[0],[0]]
[[0],[0],[0],[0]], [[0],[0],[0],[0]]
[[0],[0],[0],[0]], [[0],[1],[2],[3]]
[[0],[0],[0],[0]], [[0],[0],[0],[0]]
[[4],[5],[6],[7]], [[0],[0],[0],[0]]
[[0],[0],[0],[0]], [[0],[0],[0],[0]]
[[0],[0],[0],[0]], [[4],[5],[6],[7]]
[[0],[0],[0],[0]], [[0],[0],[0],[0]]
[[8],[9],[10],[11]], [[0],[0],[0],[0]]
[[0],[0],[0],[0]], [[0],[0],[0],[0]]
[[0],[0],[0],[0]], [[8],[9],[10],[11]]
[[0],[0],[0],[0]], [[0],[0],[0],[0]]
[[12],[13],[14],[15]], [[0],[0],[0],[0]]
[[0],[0],[0],[0]], [[0],[0],[0],[0]]
[[0],[0],[0],[0]], [[12],[13],[14],[15]]
[[0],[0],[0],[0]], [[0],[0],[0],[0]]
[[16],[17],[18],[19]], [[0],[0],[0],[0]]
[[0],[0],[0],[0]], [[0],[0],[0],[0]]
[[0],[0],[0],[0]], [[16],[17],[18],[19]]
[[0],[0],[0],[0]], [[0],[0],[0],[0]]
[[20],[21],[22],[23]], [[0],[0],[0],[0]]
[[0],[0],[0],[0]], [[0],[0],[0],[0]]
[[0],[0],[0],[0]], [[20],[21],[22],[23]]
[[0],[0],[0],[0]], [[0],[0],[0],[0]]
[[24],[25],[26],[27]], [[0],[0],[0],[0]]
[[0],[0],[0],[0]], [[0],[0],[0],[0]]
[[0],[0],[0],[0]], [[24],[25],[26],[27]]
[[0],[0],[0],[0]], [[0],[0],[0],[0]]
[[28],[29],[30],[31]], [[0],[0],[0],[0]]
[[0],[0],[0],[0]], [[0],[0],[0],[0]]
[[0],[0],[0],[0]], [[28],[29],[30],[31]]
[[0],[0],[0],[0]], [[0],[0],[0],[0]]
[[32],[33],[34],[35]], [[0],[0],[0],[0]]
[[0],[0],[0],[0]], [[0],[0],[0],[0]]
[[0],[0],[0],[0]], [[32],[33],[34],[35]]
[[0],[0],[0],[0]], [[0],[0],[0],[0]]
[[36],[37],[38],[39]], [[0],[0],[0],[0]]
[[0],[0],[0],[0]], [[0],[0],[0],[0]]
[[0],[0],[0],[0]], [[36],[37],[38],[39]]
[[0],[0],[0],[0]], [[0],[0],[0],[0]]
[[40],[41],[42],[43]], [[0],[0],[0],[0]]
[[0],[0],[0],[0]], [[0],[0],[0],[0]]
[[0],[0],[0],[0]], [[40],[41],[42],[43]]
[[0],[0],[0],[0]], [[0],[0],[0],[0]]
[[44],[45],[46],[47]], [[0],[0],[0],[0]]
[[0],[0],[0],[0]], [[0],[0],[0],[0]]
[[0],[0],[0],[0]], [[44],[45],[46],[47]]
[[0],[0],[0],[0]], [[0],[0],[0],[0]]
[[48],[49],[50],[51]], [[0],[0],[0],[0]]
[[0],[0],[0],[0]], [[0],[0],[0],[0]]
[[0],[0],[0],[0]], [[48],[49],[50],[51]]
[[0],[0],[0],[0]], [[0],[0],[0],[0]]
[[52],[53],[54],[55]], [[0],[0],[0],[0]]
[[0],[0],[0],[0]], [[0],[0],[0],[0]]
[[0],[0],[0],[0]], [[52],[53],[54],[55]]
[[0],[0],[0],[0]], [[0],[0],[0],[0]]
[[56],[57],[58],[59]], [[0],[0],[0],[0]]
[[0],[0],[0],[0]], [[0],[0],[0],[0]]
[[0],[0],[0],[0]], [[56],[57],[58],[59]]
[[0],[0],[0],[0]], [[0],[0],[0],[0]]
[[60],[61],[62],[63]], [[0],[0],[0],[0]]
[[0],[0],[0],[0]], [[0],[0],[0],[0]]
[[0],[0],[0],[0]], [[60],[61],[62],[63]]
[[0],[0],[0],[0]], [[0],[0],[0],[0]]
[[64],[65],[66],[67]], [[0],[0],[0],[0]]
[[0],[0],[0],[0]], [[0],[0],[0],[0]]
[[0],[0],[0],[0]], [[64],[65],[66],[67]]
[[0],[0],[0],[0]], [[0],[0],[0],[0]]
[[68],[69],[70],[71]], [[0],[0],[0],[0]]
[[0],[0],[0],[0]], [[0],[0],[0],[0]]
[[0],[0],[0],[0]], [[68],[69],[70],[71]]
[[0],[0],[0],[0]], [[0],[0],[0],[0]]
[[72],[73],[74],[75]], [[0],[0],[0],[0]]
[[0],[0],[0],[0]], [[0],[0],[0],[0]]
[[0],[0],[0],[0]], [[72],[73],[74],[75]]
[[0],[0],[0],[0]], [[0],[0],[0],[0]]
[[76],[77],[78],[79]], [[0],[0],[0],[0]]
[[0],[0],[0],[0]], [[0],[0],[0],[0]]
[[0],[0],[0],[0]], [[76],[77],[78],[79]]
[[0],[0],[0],[0]], [[0],[0],[0],[0]]
[[80],[81],[82],[83]], [[0],[0],[0],[0]]
[[0],[0],[0],[0]], [[0],[0],[0],[0]]
[[0],[0],[0],[0]], [[80],[81],[82],[83]]
[[0],[0],[0],[0]], [[0],[0],[0],[0]]
[[84],[85],[86],[87]], [[0],[0],[0],[0]]
[[0],[0],[0],[0]], [[0],[0],[0],[0]]
[[0],[0],[0],[0]], [[84],[85],[86],[87]]
[[0],[0],[0],[0]], [[0],[0],[0],[0]]
[[88],[89],[90],[91]], [[0],[0],[0],[0]]
[[0],[0],[0],[0]], [[0],[0],[0],[0]]
[[0],[0],[0],[0]], [[88],[89],[90],[91]]
[[0],[0],[0],[0]], [[0],[0],[0],[0]]
[[92],[93],[94],[95]], [[0],[0],[0],[0]]
[[0],[0],[0],[0]], [[0],[0],[0],[0]]
[[0],[0],[0],[0]], [[92],[93],[94],[95]]
[[0],[0],[0],[0]], [[0],[0],[0],[0]]
[[96],[97],[98],[99]], [[0],[0],[0],[0]]
[[0],[0],[0],[0]], [[0],[0],[0],[0]]
[[0],[0],[0],[0]], [[96],[97],[98],[99]]
[[0],[0],[0],[0]], [[0],[0],[0],[0]]
[[100],[101],[102],[103]], [[0],[0],[0],[0]]
[[0],[0],[0],[0]], [[0],[0],[0],[0]]
[[0],[0],[0],[0]], [[100],[101],[102],[103]]
[[0],[0],[0],[0]], [[0],[0],[0],[0]]
[[104],[105],[106],[107]], [[0],[0],[0],[0]]
[[0],[0],[0],[0]], [[0],[0],[0],[0]]
[[0],[0],[0],[0]], [[104],[105],[106],[107]]
[[0],[0],[0],[0]], [[0],[0],[0],[0]]
[[108],[109],[110],[111]], [[0],[0],[0],[0]]
[[0],[0],[0],[0]], [[0],[0],[0],[0]]
[[0],[0],[0],[0]], [[108],[109],[110],[111]]
[[0],[0],[0],[0]], [[0],[0],[0],[0]]
[[112],[113],[114],[115]], [[0],[0],[0],[0]]
[[0],[0],[0],[0]], [[0],[0],[0],[0]]
[[0],[0],[0],[0]], [[112],[113],[114],[115]]
[[0],[0],[0],[0]], [[0],[0],[0],[0]]
[[116],[117],[118],[119]], [[0],[0],[0],[0]]
[[0],[0],[0],[0]], [[0],[0],[0],[0]]
[[0],[0],[0],[0]], [[116],[117],[118],[119]]
[[0],[0],[0],[0]], [[0],[0],[0],[0]]
[[120],[121],[122],[123]], [[0],[0],[0],[0]]
[[0],[0],[0],[0]], [[0],[0],[0],[0]]
[[0],[0],[0],[0]], [[120],[121],[122],[123]]
[[0],[0],[0],[0]], [[0],[0],[0],[0]]
[[124],[125],[126],[127]], [[0],[0],[0],[0]]
[[0],[0],[0],[0]], [[0],[0],[0],[0]]
[[0],[0],[0],[0]], [[124],[125],[126],[127]]
[[0],[0],[0],[0]], [[0],[0],[0],[0]]
[[128],[129],[130],[131]], [[0],[0],[0],[0]]
[[0],[0],[0],[0]], [[0],[0],[0],[0]]
[[0],[0],[0],[0]], [[128],[129],[130],[131]]
[[0],[0],[0],[0]], [[0],[0],[0],[0]]
[[132],[133],[134],[135]], [[0],[0],[0],[0]]
[[0],[0],[0],[0]], [[0],[0],[0],[0]]
[[0],[0],[0],[0]], [[132],[133],[134],[135]]
[[0],[0],[0],[0]], [[0],[0],[0],[0]]
[[136],[137],[138],[139]], [[0],[0],[0],[0]]
[[0],[0],[0],[0]], [[0],[0],[0],[0]]
[[0],[0],[0],[0]], [[136],[137],[138],[139]]
[[0],[0],[0],[0]], [[0],[0],[0],[0]]
[[140],[141],[142],[143]], [[0],[0],[0],[0]]
[[0],[0],[0],[0]], [[0],[0],[0],[0]]
[[0],[0],[0],[0]], [[140],[141],[142],[143]]
[[0],[0],[0],[0]], [[0],[0],[0],[0]]
[[144],[145],[146],[147]], [[0],[0],[0],[0]]
[[0],[0],[0],[0]], [[0],[0],[0],[0]]
[[0],[0],[0],[0]], [[144],[145],[146],[147]]
[[0],[0],[0],[0]], [[0],[0],[0],[0]]
[[148],[149],[150],[151]], [[0],[0],[0],[0]]
[[0],[0],[0],[0]], [[0],[0],[0],[0]]
[[0],[0],[0],[0]], [[148],[149],[150],[151]]
[[0],[0],[0],[0]], [[0],[0],[0],[0]]
[[152],[153],[154],[155]], [[0],[0],[0],[0]]
[[0],[0],[0],[0]], [[0],[0],[0],[0]]
[[0],[0],[0],[0]], [[152],[153],[154],[155]]
[[0],[0],[0],[0]], [[0],[0],[0],[0]]
[[156],[157],[158],[159]], [[0],[0],[0],[0]]
[[0],[0],[0],[0]], [[0],[0],[0],[0]]
[[0],[0],[0],[0]], [[156],[157],[158],[159]]
[[0],[0],[0],[0]], [[0],[0],[0],[0]]
[[160],[161],[162],[163]], [[0],[0],[0],[0]]
[[0],[0],[0],[0]], [[0],[0],[0],[0]]
[[0],[0],[0],[0]], [[160],[161],[162],[163]]
[[0],[0],[0],[0]], [[0],[0],[0],[0]]
[[164],[165],[166],[167]], [[0],[0],[0],[0]]
[[0],[0],[0],[0]], [[0],[0],[0],[0]]
[[0],[0],[0],[0]], [[164],[165],[166],[167]]
[[0],[0],[0],[0]], [[0],[0],[0],[0]]
[[168],[169],[170],[171]], [[0],[0],[0],[0]]
[[0],[0],[0],[0]], [[0],[0],[0],[0]]
[[0],[0],[0],[0]], [[168],[169],[170],[171]]
[[0],[0],[0],[0]], [[0],[0],[0],[0]]
[[172],[173],[174],[175]], [[0],[0],[0],[0]]
[[0],[0],[0],[0]], [[0],[0],[0],[0]]
[[0],[0],[0],[0]], [[172],[173],[174],[175]]
[[0],[0],[0],[0]], [[0],[0],[0],[0]]
[[176],[177],[178],[179]], [[0],[0],[0],[0]]
[[0],[0],[0],[0]], [[0],[0],[0],[0]]
[[0],[0],[0],[0]], [[176],[177],[178],[179]]
[[0],[0],[0],[0]], [[0],[0],[0],[0]]
[[180],[181],[182],[183]], [[0],[0],[0],[0]]
[[0],[0],[0],[0]], [[0],[0],[0],[0]]
[[0],[0],[0],[0]], [[180],[181],[182],[183]]
[[0],[0],[0],[0]], [[0],[0],[0],[0]]
[[184],[185],[186],[187]], [[0],[0],[0],[0]]
[[0],[0],[0],[0]], [[0],[0],[0],[0]]
[[0],[0],[0],[0]], [[184],[185],[186],[187]]
[[0],[0],[0],[0]], [[0],[0],[0],[0]]
[[188],[189],[190],[191]], [[0],[0],[0],[0]]
[[0],[0],[0],[0]], [[0],[0],[0],[0]]
[[0],[0],[0],[0]], [[188],[189],[190],[191]]
[[0],[0],[0],[0]], [[0],[0],[0],[0]]
[[192],[193],[194],[195]], [[0],[0],[0],[0]]
[[0],[0],[0],[0]], [[0],[0],[0],[0]]
[[0],[0],[0],[0]], [[192],[193],[194],[195]]
[[0],[0],[0],[0]], [[0],[0],[0],[0]]
[[196],[197],[198],[199]], [[0],[0],[0],[0]]
[[0],[0],[0],[0]], [[0],[0],[0],[0]]
[[0],[0],[0],[0]], [[196],[197],[198],[199]]
[[0],[0],[0],[0]], [[0],[0],[0],[0]]
[[200],[201],[202],[203]], [[0],[0],[0],[0]]
[[0],[0],[0],[0]], [[0],[0],[0],[0]]
[[0],[0],[0],[0]], [[200],[201],[202],[203]]
[[0],[0],[0],[0]], [[0],[0],[0],[0]]
[[204],[205],[206],[207]], [[0],[0],[0],[0]]
[[0],[0],[0],[0]], [[0],[0],[0],[0]]
[[0],[0],[0],[0]], [[204],[205],[206],[207]]
[[0],[0],[0],[0]], [[0],[0],[0],[0]]
[[208],[209],[210],[211]], [[0],[0],[0],[0]]
[[0],[0],[0],[0]], [[0],[0],[0],[0]]
[[0],[0],[0],[0]], [[208],[209],[210],[211]]
[[0],[0],[0],[0]], [[0],[0],[0],[0]]
[[212],[213],[214],[215]], [[0],[0],[0],[0]]
[[0],[0],[0],[0]], [[0],[0],[0],[0]]
[[0],[0],[0],[0]], [[212],[213],[214],[215]]
[[0],[0],[0],[0]], [[0],[0],[0],[0]]
[[216],[217],[218],[219]], [[0],[0],[0],[0]]
[[0],[0],[0],[0]], [[0],[0],[0],[0]]
[[0],[0],[0],[0]], [[216],[217],[218],[219]]
[[0],[0],[0],[0]], [[0],[0],[0],[0]]
[[220],[221],[222],[223]], [[0],[0],[0],[0]]
[[0],[0],[0],[0]], [[0],[0],[0],[0]]
[[0],[0],[0],[0]], [[220],[221],[222],[223]]
[[0],[0],[0],[0]], [[0],[0],[0],[0]]
[[224],[225],[226],[227]], [[0],[0],[0],[0]]
[[0],[0],[0],[0]], [[0],[0],[0],[0]]
[[0],[0],[0],[0]], [[224],[225],[226],[227]]
[[0],[0],[0],[0]], [[0],[0],[0],[0]]
[[228],[229],[230],[231]], [[0],[0],[0],[0]]
[[0],[0],[0],[0]], [[0],[0],[0],[0]]
[[0],[0],[0],[0]], [[228],[229],[230],[231]]
[[0],[0],[0],[0]], [[0],[0],[0],[0]]
[[232],[233],[234],[235]], [[0],[0],[0],[0]]
[[0],[0],[0],[0]], [[0],[0],[0],[0]]
[[0],[0],[0],[0]], [[232],[233],[234],[235]]
[[0],[0],[0],[0]], [[0],[0],[0],[0]]
[[236],[237],[238],[239]], [[0],[0],[0],[0]]
[[0],[0],[0],[0]], [[0],[0],[0],[0]]
[[0],[0],[0],[0]], [[236],[237],[238],[239]]
[[0],[0],[0],[0]], [[0],[0],[0],[0]]
[[240],[241],[242],[243]], [[0],[0],[0],[0]]
[[0],[0],[0],[0]], [[0],[0],[0],[0]]
[[0],[0],[0],[0]], [[240],[241],[242],[243]]
[[0],[0],[0],[0]], [[0],[0],[0],[0]]
[[244],[245],[246],[247]], [[0],[0],[0],[0]]
[[0],[0],[0],[0]], [[0],[0],[0],[0]]
[[0],[0],[0],[0]], [[244],[245],[246],[247]]
[[0],[0],[0],[0]], [[0],[0],[0],[0]]
[[248],[249],[250],[251]], [[0],[0],[0],[0]]
[[0],[0],[0],[0]], [[0],[0],[0],[0]]
[[0],[0],[0],[0]], [[248],[249],[250],[251]]
[[0],[0],[0],[0]], [[0],[0],[0],[0]]
[[252],[253],[254],[255]], [[0],[0],[0],[0]]
[[0],[0],[0],[0]], [[0],[0],[0],[0]]
[[0],[0],[0],[0]], [[252],[253],[254],[255]]
[[0],[0],[0],[0]], [[0],[0],[0],[0]]
[[256],[257],[258],[259]], [[0],[0],[0],[0]]
[[0],[0],[0],[0]], [[0],[0],[0],[0]]
[[0],[0],[0],[0]], [[256],[257],[258],[259]]
[[0],[0],[0],[0]], [[0],[0],[0],[0]]
[[260],[261],[262],[263]], [[0],[0],[0],[0]]
[[0],[0],[0],[0]], [[0],[0],[0],[0]]
[[0],[0],[0],[0]], [[260],[261],[262],[263]]
[[0],[0],[0],[0]], [[0],[0],[0],[0]]
[[264],[265],[266],[267]], [[0],[0],[0],[0]]
[[0],[0],[0],[0]], [[0],[0],[0],[0]]
[[0],[0],[0],[0]], [[264],[265],[266],[267]]
[[0],[0],[0],[0]], [[0],[0],[0],[0]]
[[268],[269],[270],[271]], [[0],[0],[0],[0]]
[[0],[0],[0],[0]], [[0],[0],[0],[0]]
[[0],[0],[0],[0]], [[268],[269],[270],[271]]
[[0],[0],[0],[0]], [[0],[0],[0],[0]]
[[272],[273],[274],[275]], [[0],[0],[0],[0]]
[[0],[0],[0],[0]], [[0],[0],[0],[0]]
[[0],[0],[0],[0]], [[272],[273],[274],[275]]
[[0],[0],[0],[0]], [[0],[0],[0],[0]]
[[276],[277],[278],[279]], [[0],[0],[0],[0]]
[[0],[0],[0],[0]], [[0],[0],[0],[0]]
[[0],[0],[0],[0]], [[276],[277],[278],[279]]
[[0],[0],[0],[0]], [[0],[0],[0],[0]]
[[280],[281],[282],[283]], [[0],[0],[0],[0]]
[[0],[0],[0],[0]], [[0],[0],[0],[0]]
[[0],[0],[0],[0]], [[280],[281],[282],[283]]
[[0],[0],[0],[0]], [[0],[0],[0],[0]]
[[284],[285],[286],[287]], [[0],[0],[0],[0]]
[[0],[0],[0],[0]], [[0],[0],[0],[0]]
[[0],[0],[0],[0]], [[284],[285],[286],[287]]
[[0],[0],[0],[0]], [[0],[0],[0],[0]]
[[288],[289],[290],[291]], [[0],[0],[0],[0]]
[[0],[0],[0],[0]], [[0],[0],[0],[0]]
[[0],[0],[0],[0]], [[288],[289],[290],[291]]
[[0],[0],[0],[0]], [[0],[0],[0],[0]]
[[292],[293],[294],[295]], [[0],[0],[0],[0]]
[[0],[0],[0],[0]], [[0],[0],[0],[0]]
[[0],[0],[0],[0]], [[292],[293],[294],[295]]
[[0],[0],[0],[0]], [[0],[0],[0],[0]]
[[296],[297],[298],[299]], [[0],[0],[0],[0]]
[[0],[0],[0],[0]], [[0],[0],[0],[0]]
[[0],[0],[0],[0]], [[296],[297],[298],[299]]
[[0],[0],[0],[0]], [[0],[0],[0],[0]]
[[300],[301],[302],[303]], [[0],[0],[0],[0]]
[[0],[0],[0],[0]], [[0],[0],[0],[0]]
[[0],[0],[0],[0]], [[300],[301],[302],[303]]
[[0],[0],[0],[0]], [[0],[0],[0],[0]]
[[304],[305],[306],[307]], [[0],[0],[0],[0]]
[[0],[0],[0],[0]], [[0],[0],[0],[0]]
[[0],[0],[0],[0]], [[304],[305],[306],[307]]
[[0],[0],[0],[0]], [[0],[0],[0],[0]]
[[308],[309],[310],[311]], [[0],[0],[0],[0]]
[[0],[0],[0],[0]], [[0],[0],[0],[0]]
[[0],[0],[0],[0]], [[308],[309],[310],[311]]
[[0],[0],[0],[0]], [[0],[0],[0],[0]]
[[312],[313],[314],[315]], [[0],[0],[0],[0]]
[[0],[0],[0],[0]], [[0],[0],[0],[0]]
[[0],[0],[0],[0]], [[312],[313],[314],[315]]
[[0],[0],[0],[0]], [[0],[0],[0],[0]]
[[316],[317],[318],[319]], [[0],[0],[0],[0]]
[[0],[0],[0],[0]], [[0],[0],[0],[0]]
[[0],[0],[0],[0]], [[316],[317],[318],[319]]
[[0],[0],[0],[0]], [[0],[0],[0],[0]]
[[320],[321],[322],[323]], [[0],[0],[0],[0]]
[[0],[0],[0],[0]], [[0],[0],[0],[0]]
[[0],[0],[0],[0]], [[320],[321],[322],[323]]
[[0],[0],[0],[0]], [[0],[0],[0],[0]]
[[324],[325],[326],[327]], [[0],[0],[0],[0]]
[[0],[0],[0],[0]], [[0],[0],[0],[0]]
[[0],[0],[0],[0]], [[324],[325],[326],[327]]
[[0],[0],[0],[0]], [[0],[0],[0],[0]]
[[328],[329],[330],[331]], [[0],[0],[0],[0]]
[[0],[0],[0],[0]], [[0],[0],[0],[0]]
[[0],[0],[0],[0]], [[328],[329],[330],[331]]
[[0],[0],[0],[0]], [[0],[0],[0],[0]]
[[332],[333],[334],[335]], [[0],[0],[0],[0]]
[[0],[0],[0],[0]], [[0],[0],[0],[0]]
[[0],[0],[0],[0]], [[332],[333],[334],[335]]
[[0],[0],[0],[0]], [[0],[0],[0],[0]]
[[336],[337],[338],[339]], [[0],[0],[0],[0]]
[[0],[0],[0],[0]], [[0],[0],[0],[0]]
[[0],[0],[0],[0]], [[336],[337],[338],[339]]
[[0],[0],[0],[0]], [[0],[0],[0],[0]]
[[340],[341],[342],[343]], [[0],[0],[0],[0]]
[[0],[0],[0],[0]], [[0],[0],[0],[0]]
[[0],[0],[0],[0]], [[340],[341],[342],[343]]
[[0],[0],[0],[0]], [[0],[0],[0],[0]]
[[344],[345],[346],[347]], [[0],[0],[0],[0]]
[[0],[0],[0],[0]], [[0],[0],[0],[0]]
[[0],[0],[0],[0]], [[344],[345],[346],[347]]
[[0],[0],[0],[0]], [[0],[0],[0],[0]]
[[348],[349],[350],[351]], [[0],[0],[0],[0]]
[[0],[0],[0],[0]], [[0],[0],[0],[0]]
[[0],[0],[0],[0]], [[348],[349],[350],[351]]
[[0],[0],[0],[0]], [[0],[0],[0],[0]]
[[352],[353],[354],[355]], [[0],[0],[0],[0]]
[[0],[0],[0],[0]], [[0],[0],[0],[0]]
[[0],[0],[0],[0]], [[352],[353],[354],[355]]
[[0],[0],[0],[0]], [[0],[0],[0],[0]]
[[356],[357],[358],[359]], [[0],[0],[0],[0]]
[[0],[0],[0],[0]], [[0],[0],[0],[0]]
[[0],[0],[0],[0]], [[356],[357],[358],[359]]
[[0],[0],[0],[0]], [[0],[0],[0],[0]]
[[360],[361],[362],[363]], [[0],[0],[0],[0]]
[[0],[0],[0],[0]], [[0],[0],[0],[0]]
[[0],[0],[0],[0]], [[360],[361],[362],[363]]
[[0],[0],[0],[0]], [[0],[0],[0],[0]]
[[364],[365],[366],[367]], [[0],[0],[0],[0]]
[[0],[0],[0],[0]], [[0],[0],[0],[0]]
[[0],[0],[0],[0]], [[364],[365],[366],[367]]
[[0],[0],[0],[0]], [[0],[0],[0],[0]]
[[368],[369],[370],[371]], [[0],[0],[0],[0]]
[[0],[0],[0],[0]], [[0],[0],[0],[0]]
[[0],[0],[0],[0]], [[368],[369],[370],[371]]
[[0],[0],[0],[0]], [[0],[0],[0],[0]]
[[372],[373],[374],[375]], [[0],[0],[0],[0]]
[[0],[0],[0],[0]], [[0],[0],[0],[0]]
[[0],[0],[0],[0]], [[372],[373],[374],[375]]
[[0],[0],[0],[0]], [[0],[0],[0],[0]]
[[376],[377],[378],[379]], [[0],[0],[0],[0]]
[[0],[0],[0],[0]], [[0],[0],[0],[0]]
[[0],[0],[0],[0]], [[376],[377],[378],[379]]
[[0],[0],[0],[0]], [[0],[0],[0],[0]]
[[380],[381],[382],[383]], [[0],[0],[0],[0]]
[[0],[0],[0],[0]], [[0],[0],[0],[0]]
[[0],[0],[0],[0]], [[380],[381],[382],[383]]
[[0],[0],[0],[0]], [[0],[0],[0],[0]]
[[384],[385],[386],[387]], [[0],[0],[0],[0]]
[[0],[0],[0],[0]], [[0],[0],[0],[0]]
[[0],[0],[0],[0]], [[384],[385],[386],[387]]
[[0],[0],[0],[0]], [[0],[0],[0],[0]]
[[388],[389],[390],[391]], [[0],[0],[0],[0]]
[[0],[0],[0],[0]], [[0],[0],[0],[0]]
[[0],[0],[0],[0]], [[388],[389],[390],[391]]
[[0],[0],[0],[0]], [[0],[0],[0],[0]]
[[392],[393],[394],[395]], [[0],[0],[0],[0]]
[[0],[0],[0],[0]], [[0],[0],[0],[0]]
[[0],[0],[0],[0]], [[392],[393],[394],[395]]
[[0],[0],[0],[0]], [[0],[0],[0],[0]]
[[396],[397],[398],[399]], [[0],[0],[0],[0]]
[[0],[0],[0],[0]], [[0],[0],[0],[0]]
[[0],[0],[0],[0]], [[396],[397],[398],[399]]
[[0],[0],[0],[0]], [[0],[0],[0],[0]]
[[400],[401],[402],[403]], [[0],[0],[0],[0]]
[[0],[0],[0],[0]], [[0],[0],[0],[0]]
[[0],[0],[0],[0]], [[400],[401],[402],[403]]
[[0],[0],[0],[0]], [[0],[0],[0],[0]]
[[404],[405],[406],[407]], [[0],[0],[0],[0]]
[[0],[0],[0],[0]], [[0],[0],[0],[0]]
[[0],[0],[0],[0]], [[404],[405],[406],[407]]
[[0],[0],[0],[0]], [[0],[0],[0],[0]]
[[408],[409],[410],[411]], [[0],[0],[0],[0]]
[[0],[0],[0],[0]], [[0],[0],[0],[0]]
[[0],[0],[0],[0]], [[408],[409],[410],[411]]
[[0],[0],[0],[0]], [[0],[0],[0],[0]]
[[412],[413],[414],[415]], [[0],[0],[0],[0]]
[[0],[0],[0],[0]], [[0],[0],[0],[0]]
[[0],[0],[0],[0]], [[412],[413],[414],[415]]
[[0],[0],[0],[0]], [[0],[0],[0],[0]]
[[416],[417],[418],[419]], [[0],[0],[0],[0]]
[[0],[0],[0],[0]], [[0],[0],[0],[0]]
[[0],[0],[0],[0]], [[416],[417],[418],[419]]
[[0],[0],[0],[0]], [[0],[0],[0],[0]]
[[420],[421],[422],[423]], [[0],[0],[0],[0]]
[[0],[0],[0],[0]], [[0],[0],[0],[0]]
[[0],[0],[0],[0]], [[420],[421],[422],[423]]
[[0],[0],[0],[0]], [[0],[0],[0],[0]]
[[424],[425],[426],[427]], [[0],[0],[0],[0]]
[[0],[0],[0],[0]], [[0],[0],[0],[0]]
[[0],[0],[0],[0]], [[424],[425],[426],[427]]
[[0],[0],[0],[0]], [[0],[0],[0],[0]]
[[428],[429],[430],[431]], [[0],[0],[0],[0]]
[[0],[0],[0],[0]], [[0],[0],[0],[0]]
[[0],[0],[0],[0]], [[428],[429],[430],[431]]
[[0],[0],[0],[0]], [[0],[0],[0],[0]]
[[432],[433],[434],[435]], [[0],[0],[0],[0]]
[[0],[0],[0],[0]], [[0],[0],[0],[0]]
[[0],[0],[0],[0]], [[432],[433],[434],[435]]
[[0],[0],[0],[0]], [[0],[0],[0],[0]]
[[436],[437],[438],[439]], [[0],[0],[0],[0]]
[[0],[0],[0],[0]], [[0],[0],[0],[0]]
[[0],[0],[0],[0]], [[436],[437],[438],[439]]
[[0],[0],[0],[0]], [[0],[0],[0],[0]]
[[440],[441],[442],[443]], [[0],[0],[0],[0]]
[[0],[0],[0],[0]], [[0],[0],[0],[0]]
[[0],[0],[0],[0]], [[440],[441],[442],[443]]
[[0],[0],[0],[0]], [[0],[0],[0],[0]]
[[444],[445],[446],[447]], [[0],[0],[0],[0]]
[[0],[0],[0],[0]], [[0],[0],[0],[0]]
[[0],[0],[0],[0]], [[444],[445],[446],[447]]
[[0],[0],[0],[0]], [[0],[0],[0],[0]]
[[448],[449],[450],[451]], [[0],[0],[0],[0]]
[[0],[0],[0],[0]], [[0],[0],[0],[0]]
[[0],[0],[0],[0]], [[448],[449],[450],[451]]
[[0],[0],[0],[0]], [[0],[0],[0],[0]]
[[452],[453],[454],[455]], [[0],[0],[0],[0]]
[[0],[0],[0],[0]], [[0],[0],[0],[0]]
[[0],[0],[0],[0]], [[452],[453],[454],[455]]
[[0],[0],[0],[0]], [[0],[0],[0],[0]]
[[456],[457],[458],[459]], [[0],[0],[0],[0]]
[[0],[0],[0],[0]], [[0],[0],[0],[0]]
[[0],[0],[0],[0]], [[456],[457],[458],[459]]
[[0],[0],[0],[0]], [[0],[0],[0],[0]]
[[460],[461],[462],[463]], [[0],[0],[0],[0]]
[[0],[0],[0],[0]], [[0],[0],[0],[0]]
[[0],[0],[0],[0]], [[460],[461],[462],[463]]
[[0],[0],[0],[0]], [[0],[0],[0],[0]]
[[464],[465],[466],[467]], [[0],[0],[0],[0]]
[[0],[0],[0],[0]], [[0],[0],[0],[0]]
[[0],[0],[0],[0]], [[464],[465],[466],[467]]
[[0],[0],[0],[0]], [[0],[0],[0],[0]]
[[468],[469],[470],[471]], [[0],[0],[0],[0]]
[[0],[0],[0],[0]], [[0],[0],[0],[0]]
[[0],[0],[0],[0]], [[468],[469],[470],[471]]
[[0],[0],[0],[0]], [[0],[0],[0],[0]]
[[472],[473],[474],[475]], [[0],[0],[0],[0]]
[[0],[0],[0],[0]], [[0],[0],[0],[0]]
[[0],[0],[0],[0]], [[472],[473],[474],[475]]
[[0],[0],[0],[0]], [[0],[0],[0],[0]]
[[476],[477],[478],[479]], [[0],[0],[0],[0]]
[[0],[0],[0],[0]], [[0],[0],[0],[0]]
[[0],[0],[0],[0]], [[476],[477],[478],[479]]
[[0],[0],[0],[0]], [[0],[0],[0],[0]]
[[480],[481],[482],[483]], [[0],[0],[0],[0]]
[[0],[0],[0],[0]], [[0],[0],[0],[0]]
[[0],[0],[0],[0]], [[480],[481],[482],[483]]
[[0],[0],[0],[0]], [[0],[0],[0],[0]]
[[484],[485],[486],[487]], [[0],[0],[0],[0]]
[[0],[0],[0],[0]], [[0],[0],[0],[0]]
[[0],[0],[0],[0]], [[484],[485],[486],[487]]
[[0],[0],[0],[0]], [[0],[0],[0],[0]]
[[488],[489],[490],[491]], [[0],[0],[0],[0]]
[[0],[0],[0],[0]], [[0],[0],[0],[0]]
[[0],[0],[0],[0]], [[488],[489],[490],[491]]
[[0],[0],[0],[0]], [[0],[0],[0],[0]]
[[492],[493],[494],[495]], [[0],[0],[0],[0]]
[[0],[0],[0],[0]], [[0],[0],[0],[0]]
[[0],[0],[0],[0]], [[492],[493],[494],[495]]
[[0],[0],[0],[0]], [[0],[0],[0],[0]]
[[496],[497],[498],[499]], [[0],[0],[0],[0]]
[[0],[0],[0],[0]], [[0],[0],[0],[0]]
[[0],[0],[0],[0]], [[496],[497],[498],[499]]
[[0],[0],[0],[0]], [[0],[0],[0],[0]]
[[500],[501],[502],[503]], [[0],[0],[0],[0]]
[[0],[0],[0],[0]], [[0],[0],[0],[0]]
[[0],[0],[0],[0]], [[500],[501],[502],[503]]
[[0],[0],[0],[0]], [[0],[0],[0],[0]]
[[504],[505],[506],[507]], [[0],[0],[0],[0]]
[[0],[0],[0],[0]], [[0],[0],[0],[0]]
[[0],[0],[0],[0]], [[504],[505],[506],[507]]
[[0],[0],[0],[0]], [[0],[0],[0],[0]]
[[508],[509],[510],[511]], [[0],[0],[0],[0]]
[[0],[0],[0],[0]], [[0],[0],[0],[0]]
[[0],[0],[0],[0]], [[508],[509],[510],[511]]
[[0],[0],[0],[0]], [[0],[0],[0],[0]]
[[512],[513],[514],[515]], [[0],[0],[0],[0]]
[[0],[0],[0],[0]], [[0],[0],[0],[0]]
[[0],[0],[0],[0]], [[512],[513],[514],[515]]
[[0],[0],[0],[0]], [[0],[0],[0],[0]]
[[516],[517],[518],[519]], [[0],[0],[0],[0]]
[[0],[0],[0],[0]], [[0],[0],[0],[0]]
[[0],[0],[0],[0]], [[516],[517],[518],[519]]
[[0],[0],[0],[0]], [[0],[0],[0],[0]]
[[520],[521],[522],[523]], [[0],[0],[0],[0]]
[[0],[0],[0],[0]], [[0],[0],[0],[0]]
[[0],[0],[0],[0]], [[520],[521],[522],[523]]
[[0],[0],[0],[0]], [[0],[0],[0],[0]]
[[524],[525],[526],[527]], [[0],[0],[0],[0]]
[[0],[0],[0],[0]], [[0],[0],[0],[0]]
[[0],[0],[0],[0]], [[524],[525],[526],[527]]
[[0],[0],[0],[0]], [[0],[0],[0],[0]]
[[528],[529],[530],[531]], [[0],[0],[0],[0]]
[[0],[0],[0],[0]], [[0],[0],[0],[0]]
[[0],[0],[0],[0]], [[528],[529],[530],[531]]
[[0],[0],[0],[0]], [[0],[0],[0],[0]]
[[532],[533],[534],[535]], [[0],[0],[0],[0]]
[[0],[0],[0],[0]], [[0],[0],[0],[0]]
[[0],[0],[0],[0]], [[532],[533],[534],[535]]
[[0],[0],[0],[0]], [[0],[0],[0],[0]]
[[536],[537],[538],[539]], [[0],[0],[0],[0]]
[[0],[0],[0],[0]], [[0],[0],[0],[0]]
[[0],[0],[0],[0]], [[536],[537],[538],[539]]
[[0],[0],[0],[0]], [[0],[0],[0],[0]]
[[540],[541],[542],[543]], [[0],[0],[0],[0]]
[[0],[0],[0],[0]], [[0],[0],[0],[0]]
[[0],[0],[0],[0]], [[540],[541],[542],[543]]
[[0],[0],[0],[0]], [[0],[0],[0],[0]]
[[544],[545],[546],[547]], [[0],[0],[0],[0]]
[[0],[0],[0],[0]], [[0],[0],[0],[0]]
[[0],[0],[0],[0]], [[544],[545],[546],[547]]
[[0],[0],[0],[0]], [[0],[0],[0],[0]]
[[548],[549],[550],[551]], [[0],[0],[0],[0]]
[[0],[0],[0],[0]], [[0],[0],[0],[0]]
[[0],[0],[0],[0]], [[548],[549],[550],[551]]
[[0],[0],[0],[0]], [[0],[0],[0],[0]]
[[552],[553],[554],[555]], [[0],[0],[0],[0]]
[[0],[0],[0],[0]], [[0],[0],[0],[0]]
[[0],[0],[0],[0]], [[552],[553],[554],[555]]
[[0],[0],[0],[0]], [[0],[0],[0],[0]]
[[556],[557],[558],[559]], [[0],[0],[0],[0]]
[[0],[0],[0],[0]], [[0],[0],[0],[0]]
[[0],[0],[0],[0]], [[556],[557],[558],[559]]
[[0],[0],[0],[0]], [[0],[0],[0],[0]]
[[560],[561],[562],[563]], [[0],[0],[0],[0]]
[[0],[0],[0],[0]], [[0],[0],[0],[0]]
[[0],[0],[0],[0]], [[560],[561],[562],[563]]
[[0],[0],[0],[0]], [[0],[0],[0],[0]]
[[564],[565],[566],[567]], [[0],[0],[0],[0]]
[[0],[0],[0],[0]], [[0],[0],[0],[0]]
[[0],[0],[0],[0]], [[564],[565],[566],[567]]
[[0],[0],[0],[0]], [[0],[0],[0],[0]]
[[568],[569],[570],[571]], [[0],[0],[0],[0]]
[[0],[0],[0],[0]], [[0],[0],[0],[0]]
[[0],[0],[0],[0]], [[568],[569],[570],[571]]
[[0],[0],[0],[0]], [[0],[0],[0],[0]]
[[572],[573],[574],[575]], [[0],[0],[0],[0]]
[[0],[0],[0],[0]], [[0],[0],[0],[0]]
[[0],[0],[0],[0]], [[572],[573],[574],[575]]
[[0],[0],[0],[0]], [[0],[0],[0],[0]]
[[576],[577],[578],[579]], [[0],[0],[0],[0]]
[[0],[0],[0],[0]], [[0],[0],[0],[0]]
[[0],[0],[0],[0]], [[576],[577],[578],[579]]
[[0],[0],[0],[0]], [[0],[0],[0],[0]]
[[580],[581],[582],[583]], [[0],[0],[0],[0]]
[[0],[0],[0],[0]], [[0],[0],[0],[0]]
[[0],[0],[0],[0]], [[580],[581],[582],[583]]
[[0],[0],[0],[0]], [[0],[0],[0],[0]]
[[584],[585],[586],[587]], [[0],[0],[0],[0]]
[[0],[0],[0],[0]], [[0],[0],[0],[0]]
[[0],[0],[0],[0]], [[584],[585],[586],[587]]
[[0],[0],[0],[0]], [[0],[0],[0],[0]]
[[588],[589],[590],[591]], [[0],[0],[0],[0]]
[[0],[0],[0],[0]], [[0],[0],[0],[0]]
[[0],[0],[0],[0]], [[588],[589],[590],[591]]
[[0],[0],[0],[0]], [[0],[0],[0],[0]]
[[592],[593],[594],[595]], [[0],[0],[0],[0]]
[[0],[0],[0],[0]], [[0],[0],[0],[0]]
[[0],[0],[0],[0]], [[592],[593],[594],[595]]
[[0],[0],[0],[0]], [[0],[0],[0],[0]]
[[596],[597],[598],[599]], [[0],[0],[0],[0]]
[[0],[0],[0],[0]], [[0],[0],[0],[0]]
[[0],[0],[0],[0]], [[596],[597],[598],[599]]
[[0],[0],[0],[0]], [[0],[0],[0],[0]]
[[600],[601],[602],[603]], [[0],[0],[0],[0]]
[[0],[0],[0],[0]], [[0],[0],[0],[0]]
[[0],[0],[0],[0]], [[600],[601],[602],[603]]
[[0],[0],[0],[0]], [[0],[0],[0],[0]]
[[604],[605],[606],[607]], [[0],[0],[0],[0]]
[[0],[0],[0],[0]], [[0],[0],[0],[0]]
[[0],[0],[0],[0]], [[604],[605],[606],[607]]
[[0],[0],[0],[0]], [[0],[0],[0],[0]]
[[608],[609],[610],[611]], [[0],[0],[0],[0]]
[[0],[0],[0],[0]], [[0],[0],[0],[0]]
[[0],[0],[0],[0]], [[608],[609],[610],[611]]
[[0],[0],[0],[0]], [[0],[0],[0],[0]]
[[612],[613],[614],[615]], [[0],[0],[0],[0]]
[[0],[0],[0],[0]], [[0],[0],[0],[0]]
[[0],[0],[0],[0]], [[612],[613],[614],[615]]
[[0],[0],[0],[0]], [[0],[0],[0],[0]]
[[616],[617],[618],[619]], [[0],[0],[0],[0]]
[[0],[0],[0],[0]], [[0],[0],[0],[0]]
[[0],[0],[0],[0]], [[616],[617],[618],[619]]
[[0],[0],[0],[0]], [[0],[0],[0],[0]]
[[620],[621],[622],[623]], [[0],[0],[0],[0]]
[[0],[0],[0],[0]], [[0],[0],[0],[0]]
[[0],[0],[0],[0]], [[620],[621],[622],[623]]
[[0],[0],[0],[0]], [[0],[0],[0],[0]]
[[624],[625],[626],[627]], [[0],[0],[0],[0]]
[[0],[0],[0],[0]], [[0],[0],[0],[0]]
[[0],[0],[0],[0]], [[624],[625],[626],[627]]
[[0],[0],[0],[0]], [[0],[0],[0],[0]]
[[628],[629],[630],[631]], [[0],[0],[0],[0]]
[[0],[0],[0],[0]], [[0],[0],[0],[0]]
[[0],[0],[0],[0]], [[628],[629],[630],[631]]
[[0],[0],[0],[0]], [[0],[0],[0],[0]]
[[632],[633],[634],[635]], [[0],[0],[0],[0]]
[[0],[0],[0],[0]], [[0],[0],[0],[0]]
[[0],[0],[0],[0]], [[632],[633],[634],[635]]
[[0],[0],[0],[0]], [[0],[0],[0],[0]]
[[636],[637],[638],[639]], [[0],[0],[0],[0]]
[[0],[0],[0],[0]], [[0],[0],[0],[0]]
[[0],[0],[0],[0]], [[636],[637],[638],[639]]
[[0],[0],[0],[0]], [[0],[0],[0],[0]]
[[640],[641],[642],[643]], [[0],[0],[0],[0]]
[[0],[0],[0],[0]], [[0],[0],[0],[0]]
[[0],[0],[0],[0]], [[640],[641],[642],[643]]
[[0],[0],[0],[0]], [[0],[0],[0],[0]]
[[644],[645],[646],[647]], [[0],[0],[0],[0]]
[[0],[0],[0],[0]], [[0],[0],[0],[0]]
[[0],[0],[0],[0]], [[644],[645],[646],[647]]
[[0],[0],[0],[0]], [[0],[0],[0],[0]]
[[648],[649],[650],[651]], [[0],[0],[0],[0]]
[[0],[0],[0],[0]], [[0],[0],[0],[0]]
[[0],[0],[0],[0]], [[648],[649],[650],[651]]
[[0],[0],[0],[0]], [[0],[0],[0],[0]]
[[652],[653],[654],[655]], [[0],[0],[0],[0]]
[[0],[0],[0],[0]], [[0],[0],[0],[0]]
[[0],[0],[0],[0]], [[652],[653],[654],[655]]
[[0],[0],[0],[0]], [[0],[0],[0],[0]]
[[656],[657],[658],[659]], [[0],[0],[0],[0]]
[[0],[0],[0],[0]], [[0],[0],[0],[0]]
[[0],[0],[0],[0]], [[656],[657],[658],[659]]
[[0],[0],[0],[0]], [[0],[0],[0],[0]]
[[660],[661],[662],[663]], [[0],[0],[0],[0]]
[[0],[0],[0],[0]], [[0],[0],[0],[0]]
[[0],[0],[0],[0]], [[660],[661],[662],[663]]
[[0],[0],[0],[0]], [[0],[0],[0],[0]]
[[664],[665],[666],[667]], [[0],[0],[0],[0]]
[[0],[0],[0],[0]], [[0],[0],[0],[0]]
[[0],[0],[0],[0]], [[664],[665],[666],[667]]
[[0],[0],[0],[0]], [[0],[0],[0],[0]]
[[668],[669],[670],[671]], [[0],[0],[0],[0]]
[[0],[0],[0],[0]], [[0],[0],[0],[0]]
[[0],[0],[0],[0]], [[668],[669],[670],[671]]
[[0],[0],[0],[0]], [[0],[0],[0],[0]]
[[672],[673],[674],[675]], [[0],[0],[0],[0]]
[[0],[0],[0],[0]], [[0],[0],[0],[0]]
[[0],[0],[0],[0]], [[672],[673],[674],[675]]
[[0],[0],[0],[0]], [[0],[0],[0],[0]]
[[676],[677],[678],[679]], [[0],[0],[0],[0]]
[[0],[0],[0],[0]], [[0],[0],[0],[0]]
[[0],[0],[0],[0]], [[676],[677],[678],[679]]
[[0],[0],[0],[0]], [[0],[0],[0],[0]]
[[680],[681],[682],[683]], [[0],[0],[0],[0]]
[[0],[0],[0],[0]], [[0],[0],[0],[0]]
[[0],[0],[0],[0]], [[680],[681],[682],[683]]
[[0],[0],[0],[0]], [[0],[0],[0],[0]]
[[684],[685],[686],[687]], [[0],[0],[0],[0]]
[[0],[0],[0],[0]], [[0],[0],[0],[0]]
[[0],[0],[0],[0]], [[684],[685],[686],[687]]
[[0],[0],[0],[0]], [[0],[0],[0],[0]]
[[688],[689],[690],[691]], [[0],[0],[0],[0]]
[[0],[0],[0],[0]], [[0],[0],[0],[0]]
[[0],[0],[0],[0]], [[688],[689],[690],[691]]
[[0],[0],[0],[0]], [[0],[0],[0],[0]]
[[692],[693],[694],[695]], [[0],[0],[0],[0]]
[[0],[0],[0],[0]], [[0],[0],[0],[0]]
[[0],[0],[0],[0]], [[692],[693],[694],[695]]
[[0],[0],[0],[0]], [[0],[0],[0],[0]]
[[696],[697],[698],[699]], [[0],[0],[0],[0]]
[[0],[0],[0],[0]], [[0],[0],[0],[0]]
[[0],[0],[0],[0]], [[696],[697],[698],[699]]
[[0],[0],[0],[0]], [[0],[0],[0],[0]]
[[700],[701],[702],[703]], [[0],[0],[0],[0]]
[[0],[0],[0],[0]], [[0],[0],[0],[0]]
[[0],[0],[0],[0]], [[700],[701],[702],[703]]
[[0],[0],[0],[0]], [[0],[0],[0],[0]]
[[704],[705],[706],[707]], [[0],[0],[0],[0]]
[[0],[0],[0],[0]], [[0],[0],[0],[0]]
[[0],[0],[0],[0]], [[704],[705],[706],[707]]
[[0],[0],[0],[0]], [[0],[0],[0],[0]]
[[708],[709],[710],[711]], [[0],[0],[0],[0]]
[[0],[0],[0],[0]], [[0],[0],[0],[0]]
[[0],[0],[0],[0]], [[708],[709],[710],[711]]
[[0],[0],[0],[0]], [[0],[0],[0],[0]]
[[712],[713],[714],[715]], [[0],[0],[0],[0]]
[[0],[0],[0],[0]], [[0],[0],[0],[0]]
[[0],[0],[0],[0]], [[712],[713],[714],[715]]
[[0],[0],[0],[0]], [[0],[0],[0],[0]]
[[716],[717],[718],[719]], [[0],[0],[0],[0]]
[[0],[0],[0],[0]], [[0],[0],[0],[0]]
[[0],[0],[0],[0]], [[716],[717],[718],[719]]
[[0],[0],[0],[0]], [[0],[0],[0],[0]]
[[720],[721],[722],[723]], [[0],[0],[0],[0]]
[[0],[0],[0],[0]], [[0],[0],[0],[0]]
[[0],[0],[0],[0]], [[720],[721],[722],[723]]
[[0],[0],[0],[0]], [[0],[0],[0],[0]]
[[724],[725],[726],[727]], [[0],[0],[0],[0]]
[[0],[0],[0],[0]], [[0],[0],[0],[0]]
[[0],[0],[0],[0]], [[724],[725],[726],[727]]
[[0],[0],[0],[0]], [[0],[0],[0],[0]]
[[728],[729],[730],[731]], [[0],[0],[0],[0]]
[[0],[0],[0],[0]], [[0],[0],[0],[0]]
[[0],[0],[0],[0]], [[728],[729],[730],[731]]
[[0],[0],[0],[0]], [[0],[0],[0],[0]]
[[732],[733],[734],[735]], [[0],[0],[0],[0]]
[[0],[0],[0],[0]], [[0],[0],[0],[0]]
[[0],[0],[0],[0]], [[732],[733],[734],[735]]
[[0],[0],[0],[0]], [[0],[0],[0],[0]]
[[736],[737],[738],[739]], [[0],[0],[0],[0]]
[[0],[0],[0],[0]], [[0],[0],[0],[0]]
[[0],[0],[0],[0]], [[736],[737],[738],[739]]
[[0],[0],[0],[0]], [[0],[0],[0],[0]]
[[740],[741],[742],[743]], [[0],[0],[0],[0]]
[[0],[0],[0],[0]], [[0],[0],[0],[0]]
[[0],[0],[0],[0]], [[740],[741],[742],[743]]
[[0],[0],[0],[0]], [[0],[0],[0],[0]]
[[744],[745],[746],[747]], [[0],[0],[0],[0]]
[[0],[0],[0],[0]], [[0],[0],[0],[0]]
[[0],[0],[0],[0]], [[744],[745],[746],[747]]
[[0],[0],[0],[0]], [[0],[0],[0],[0]]
[[748],[749],[750],[751]], [[0],[0],[0],[0]]
[[0],[0],[0],[0]], [[0],[0],[0],[0]]
[[0],[0],[0],[0]], [[748],[749],[750],[751]]
[[0],[0],[0],[0]], [[0],[0],[0],[0]]
[[752],[753],[754],[755]], [[0],[0],[0],[0]]
[[0],[0],[0],[0]], [[0],[0],[0],[0]]
[[0],[0],[0],[0]], [[752],[753],[754],[755]]
[[0],[0],[0],[0]], [[0],[0],[0],[0]]
[[756],[757],[758],[759]], [[0],[0],[0],[0]]
[[0],[0],[0],[0]], [[0],[0],[0],[0]]
[[0],[0],[0],[0]], [[756],[757],[758],[759]]
[[0],[0],[0],[0]], [[0],[0],[0],[0]]
[[760],[761],[762],[763]], [[0],[0],[0],[0]]
[[0],[0],[0],[0]], [[0],[0],[0],[0]]
[[0],[0],[0],[0]], [[760],[761],[762],[763]]
[[0],[0],[0],[0]], [[0],[0],[0],[0]]
[[764],[765],[766],[767]], [[0],[0],[0],[0]]
[[0],[0],[0],[0]], [[0],[0],[0],[0]]
[[0],[0],[0],[0]], [[764],[765],[766],[767]]
[[0],[0],[0],[0]], [[0],[0],[0],[0]]
[[768],[769],[770],[771]], [[0],[0],[0],[0]]
[[0],[0],[0],[0]], [[0],[0],[0],[0]]
[[0],[0],[0],[0]], [[768],[769],[770],[771]]
[[0],[0],[0],[0]], [[0],[0],[0],[0]]
[[772],[773],[774],[775]], [[0],[0],[0],[0]]
[[0],[0],[0],[0]], [[0],[0],[0],[0]]
[[0],[0],[0],[0]], [[772],[773],[774],[775]]
[[0],[0],[0],[0]], [[0],[0],[0],[0]]
[[776],[777],[778],[779]], [[0],[0],[0],[0]]
[[0],[0],[0],[0]], [[0],[0],[0],[0]]
[[0],[0],[0],[0]], [[776],[777],[778],[779]]
[[0],[0],[0],[0]], [[0],[0],[0],[0]]
[[780],[781],[782],[783]], [[0],[0],[0],[0]]
[[0],[0],[0],[0]], [[0],[0],[0],[0]]
[[0],[0],[0],[0]], [[780],[781],[782],[783]]
[[0],[0],[0],[0]], [[0],[0],[0],[0]]
[[784],[785],[786],[787]], [[0],[0],[0],[0]]
[[0],[0],[0],[0]], [[0],[0],[0],[0]]
[[0],[0],[0],[0]], [[784],[785],[786],[787]]
[[0],[0],[0],[0]], [[0],[0],[0],[0]]
[[788],[789],[790],[791]], [[0],[0],[0],[0]]
[[0],[0],[0],[0]], [[0],[0],[0],[0]]
[[0],[0],[0],[0]], [[788],[789],[790],[791]]
[[0],[0],[0],[0]], [[0],[0],[0],[0]]
[[792],[793],[794],[795]], [[0],[0],[0],[0]]
[[0],[0],[0],[0]], [[0],[0],[0],[0]]
[[0],[0],[0],[0]], [[792],[793],[794],[795]]
[[0],[0],[0],[0]], [[0],[0],[0],[0]]
[[796],[797],[798],[799]], [[0],[0],[0],[0]]
[[0],[0],[0],[0]], [[0],[0],[0],[0]]
[[0],[0],[0],[0]], [[796],[797],[798],[799]]
[[0],[0],[0],[0]], [[0],[0],[0],[0]]
[[800],[801],[802],[803]], [[0],[0],[0],[0]]
[[0],[0],[0],[0]], [[0],[0],[0],[0]]
[[0],[0],[0],[0]], [[800],[801],[802],[803]]
[[0],[0],[0],[0]], [[0],[0],[0],[0]]
[[804],[805],[806],[807]], [[0],[0],[0],[0]]
[[0],[0],[0],[0]], [[0],[0],[0],[0]]
[[0],[0],[0],[0]], [[804],[805],[806],[807]]
[[0],[0],[0],[0]], [[0],[0],[0],[0]]
[[808],[809],[810],[811]], [[0],[0],[0],[0]]
[[0],[0],[0],[0]], [[0],[0],[0],[0]]
[[0],[0],[0],[0]], [[808],[809],[810],[811]]
[[0],[0],[0],[0]], [[0],[0],[0],[0]]
[[812],[813],[814],[815]], [[0],[0],[0],[0]]
[[0],[0],[0],[0]], [[0],[0],[0],[0]]
[[0],[0],[0],[0]], [[812],[813],[814],[815]]
[[0],[0],[0],[0]], [[0],[0],[0],[0]]
[[816],[817],[818],[819]], [[0],[0],[0],[0]]
[[0],[0],[0],[0]], [[0],[0],[0],[0]]
[[0],[0],[0],[0]], [[816],[817],[818],[819]]
[[0],[0],[0],[0]], [[0],[0],[0],[0]]
[[820],[821],[822],[823]], [[0],[0],[0],[0]]
[[0],[0],[0],[0]], [[0],[0],[0],[0]]
[[0],[0],[0],[0]], [[820],[821],[822],[823]]
[[0],[0],[0],[0]], [[0],[0],[0],[0]]
[[824],[825],[826],[827]], [[0],[0],[0],[0]]
[[0],[0],[0],[0]], [[0],[0],[0],[0]]
[[0],[0],[0],[0]], [[824],[825],[826],[827]]
[[0],[0],[0],[0]], [[0],[0],[0],[0]]
[[828],[829],[830],[831]], [[0],[0],[0],[0]]
[[0],[0],[0],[0]], [[0],[0],[0],[0]]
[[0],[0],[0],[0]], [[828],[829],[830],[831]]
[[0],[0],[0],[0]], [[0],[0],[0],[0]]
[[832],[833],[834],[835]], [[0],[0],[0],[0]]
[[0],[0],[0],[0]], [[0],[0],[0],[0]]
[[0],[0],[0],[0]], [[832],[833],[834],[835]]
[[0],[0],[0],[0]], [[0],[0],[0],[0]]
[[836],[837],[838],[839]], [[0],[0],[0],[0]]
[[0],[0],[0],[0]], [[0],[0],[0],[0]]
[[0],[0],[0],[0]], [[836],[837],[838],[839]]
[[0],[0],[0],[0]], [[0],[0],[0],[0]]
[[840],[841],[842],[843]], [[0],[0],[0],[0]]
[[0],[0],[0],[0]], [[0],[0],[0],[0]]
[[0],[0],[0],[0]], [[840],[841],[842],[843]]
[[0],[0],[0],[0]], [[0],[0],[0],[0]]
[[844],[845],[846],[847]], [[0],[0],[0],[0]]
[[0],[0],[0],[0]], [[0],[0],[0],[0]]
[[0],[0],[0],[0]], [[844],[845],[846],[847]]
[[0],[0],[0],[0]], [[0],[0],[0],[0]]
[[848],[849],[850],[851]], [[0],[0],[0],[0]]
[[0],[0],[0],[0]], [[0],[0],[0],[0]]
[[0],[0],[0],[0]], [[848],[849],[850],[851]]
[[0],[0],[0],[0]], [[0],[0],[0],[0]]
[[852],[853],[854],[855]], [[0],[0],[0],[0]]
[[0],[0],[0],[0]], [[0],[0],[0],[0]]
[[0],[0],[0],[0]], [[852],[853],[854],[855]]
[[0],[0],[0],[0]], [[0],[0],[0],[0]]
[[856],[857],[858],[859]], [[0],[0],[0],[0]]
[[0],[0],[0],[0]], [[0],[0],[0],[0]]
[[0],[0],[0],[0]], [[856],[857],[858],[859]]
[[0],[0],[0],[0]], [[0],[0],[0],[0]]
[[860],[861],[862],[863]], [[0],[0],[0],[0]]
[[0],[0],[0],[0]], [[0],[0],[0],[0]]
[[0],[0],[0],[0]], [[860],[861],[862],[863]]
[[0],[0],[0],[0]], [[0],[0],[0],[0]]
[[864],[865],[866],[867]], [[0],[0],[0],[0]]
[[0],[0],[0],[0]], [[0],[0],[0],[0]]
[[0],[0],[0],[0]], [[864],[865],[866],[867]]
[[0],[0],[0],[0]], [[0],[0],[0],[0]]
[[868],[869],[870],[871]], [[0],[0],[0],[0]]
[[0],[0],[0],[0]], [[0],[0],[0],[0]]
[[0],[0],[0],[0]], [[868],[869],[870],[871]]
[[0],[0],[0],[0]], [[0],[0],[0],[0]]
[[872],[873],[874],[875]], [[0],[0],[0],[0]]
[[0],[0],[0],[0]], [[0],[0],[0],[0]]
[[0],[0],[0],[0]], [[872],[873],[874],[875]]
[[0],[0],[0],[0]], [[0],[0],[0],[0]]
[[876],[877],[878],[879]], [[0],[0],[0],[0]]
[[0],[0],[0],[0]], [[0],[0],[0],[0]]
[[0],[0],[0],[0]], [[876],[877],[878],[879]]
[[0],[0],[0],[0]], [[0],[0],[0],[0]]
[[880],[881],[882],[883]], [[0],[0],[0],[0]]
[[0],[0],[0],[0]], [[0],[0],[0],[0]]
[[0],[0],[0],[0]], [[880],[881],[882],[883]]
[[0],[0],[0],[0]], [[0],[0],[0],[0]]
[[884],[885],[886],[887]], [[0],[0],[0],[0]]
[[0],[0],[0],[0]], [[0],[0],[0],[0]]
[[0],[0],[0],[0]], [[884],[885],[886],[887]]
[[0],[0],[0],[0]], [[0],[0],[0],[0]]
[[888],[889],[890],[891]], [[0],[0],[0],[0]]
[[0],[0],[0],[0]], [[0],[0],[0],[0]]
[[0],[0],[0],[0]], [[888],[889],[890],[891]]
[[0],[0],[0],[0]], [[0],[0],[0],[0]]
[[892],[893],[894],[895]], [[0],[0],[0],[0]]
[[0],[0],[0],[0]], [[0],[0],[0],[0]]
[[0],[0],[0],[0]], [[892],[893],[894],[895]]
[[0],[0],[0],[0]], [[0],[0],[0],[0]]
[[896],[897],[898],[899]], [[0],[0],[0],[0]]
[[0],[0],[0],[0]], [[0],[0],[0],[0]]
[[0],[0],[0],[0]], [[896],[897],[898],[899]]
[[0],[0],[0],[0]], [[0],[0],[0],[0]]
[[900],[901],[902],[903]], [[0],[0],[0],[0]]
[[0],[0],[0],[0]], [[0],[0],[0],[0]]
[[0],[0],[0],[0]], [[900],[901],[902],[903]]
[[0],[0],[0],[0]], [[0],[0],[0],[0]]
[[904],[905],[906],[907]], [[0],[0],[0],[0]]
[[0],[0],[0],[0]], [[0],[0],[0],[0]]
[[0],[0],[0],[0]], [[904],[905],[906],[907]]
[[0],[0],[0],[0]], [[0],[0],[0],[0]]
[[908],[909],[910],[911]], [[0],[0],[0],[0]]
[[0],[0],[0],[0]], [[0],[0],[0],[0]]
[[0],[0],[0],[0]], [[908],[909],[910],[911]]
[[0],[0],[0],[0]], [[0],[0],[0],[0]]
[[912],[913],[914],[915]], [[0],[0],[0],[0]]
[[0],[0],[0],[0]], [[0],[0],[0],[0]]
[[0],[0],[0],[0]], [[912],[913],[914],[915]]
[[0],[0],[0],[0]], [[0],[0],[0],[0]]
[[916],[917],[918],[919]], [[0],[0],[0],[0]]
[[0],[0],[0],[0]], [[0],[0],[0],[0]]
[[0],[0],[0],[0]], [[916],[917],[918],[919]]
[[0],[0],[0],[0]], [[0],[0],[0],[0]]
[[920],[921],[922],[923]], [[0],[0],[0],[0]]
[[0],[0],[0],[0]], [[0],[0],[0],[0]]
[[0],[0],[0],[0]], [[920],[921],[922],[923]]
[[0],[0],[0],[0]], [[0],[0],[0],[0]]
[[924],[925],[926],[927]], [[0],[0],[0],[0]]
[[0],[0],[0],[0]], [[0],[0],[0],[0]]
[[0],[0],[0],[0]], [[924],[925],[926],[927]]
[[0],[0],[0],[0]], [[0],[0],[0],[0]]
[[928],[929],[930],[931]], [[0],[0],[0],[0]]
[[0],[0],[0],[0]], [[0],[0],[0],[0]]
[[0],[0],[0],[0]], [[928],[929],[930],[931]]
[[0],[0],[0],[0]], [[0],[0],[0],[0]]
[[932],[933],[934],[935]], [[0],[0],[0],[0]]
[[0],[0],[0],[0]], [[0],[0],[0],[0]]
[[0],[0],[0],[0]], [[932],[933],[934],[935]]
[[0],[0],[0],[0]], [[0],[0],[0],[0]]
[[936],[937],[938],[939]], [[0],[0],[0],[0]]
[[0],[0],[0],[0]], [[0],[0],[0],[0]]
[[0],[0],[0],[0]], [[936],[937],[938],[939]]
[[0],[0],[0],[0]], [[0],[0],[0],[0]]
[[940],[941],[942],[943]], [[0],[0],[0],[0]]
[[0],[0],[0],[0]], [[0],[0],[0],[0]]
[[0],[0],[0],[0]], [[940],[941],[942],[943]]
[[0],[0],[0],[0]], [[0],[0],[0],[0]]
[[944],[945],[946],[947]], [[0],[0],[0],[0]]
[[0],[0],[0],[0]], [[0],[0],[0],[0]]
[[0],[0],[0],[0]], [[944],[945],[946],[947]]
[[0],[0],[0],[0]], [[0],[0],[0],[0]]
[[948],[949],[950],[951]], [[0],[0],[0],[0]]
[[0],[0],[0],[0]], [[0],[0],[0],[0]]
[[0],[0],[0],[0]], [[948],[949],[950],[951]]
[[0],[0],[0],[0]], [[0],[0],[0],[0]]
[[952],[953],[954],[955]], [[0],[0],[0],[0]]
[[0],[0],[0],[0]], [[0],[0],[0],[0]]
[[0],[0],[0],[0]], [[952],[953],[954],[955]]
[[0],[0],[0],[0]], [[0],[0],[0],[0]]
[[956],[957],[958],[959]], [[0],[0],[0],[0]]
[[0],[0],[0],[0]], [[0],[0],[0],[0]]
[[0],[0],[0],[0]], [[956],[957],[958],[959]]
[[0],[0],[0],[0]], [[0],[0],[0],[0]]
[[960],[961],[962],[963]], [[0],[0],[0],[0]]
[[0],[0],[0],[0]], [[0],[0],[0],[0]]
[[0],[0],[0],[0]], [[960],[961],[962],[963]]
[[0],[0],[0],[0]], [[0],[0],[0],[0]]
[[964],[965],[966],[967]], [[0],[0],[0],[0]]
[[0],[0],[0],[0]], [[0],[0],[0],[0]]
[[0],[0],[0],[0]], [[964],[965],[966],[967]]
[[0],[0],[0],[0]], [[0],[0],[0],[0]]
[[968],[969],[970],[971]], [[0],[0],[0],[0]]
[[0],[0],[0],[0]], [[0],[0],[0],[0]]
[[0],[0],[0],[0]], [[968],[969],[970],[971]]
[[0],[0],[0],[0]], [[0],[0],[0],[0]]
[[972],[973],[974],[975]], [[0],[0],[0],[0]]
[[0],[0],[0],[0]], [[0],[0],[0],[0]]
[[0],[0],[0],[0]], [[972],[973],[974],[975]]
[[0],[0],[0],[0]], [[0],[0],[0],[0]]
[[976],[977],[978],[979]], [[0],[0],[0],[0]]
[[0],[0],[0],[0]], [[0],[0],[0],[0]]
[[0],[0],[0],[0]], [[976],[977],[978],[979]]
[[0],[0],[0],[0]], [[0],[0],[0],[0]]
[[980],[981],[982],[983]], [[0],[0],[0],[0]]
[[0],[0],[0],[0]], [[0],[0],[0],[0]]
[[0],[0],[0],[0]], [[980],[981],[982],[983]]
[[0],[0],[0],[0]], [[0],[0],[0],[0]]
[[984],[985],[986],[987]], [[0],[0],[0],[0]]
[[0],[0],[0],[0]], [[0],[0],[0],[0]]
[[0],[0],[0],[0]], [[984],[985],[986],[987]]
[[0],[0],[0],[0]], [[0],[0],[0],[0]]
[[988],[989],[990],[991]], [[0],[0],[0],[0]]
[[0],[0],[0],[0]], [[0],[0],[0],[0]]
[[0],[0],[0],[0]], [[988],[989],[990],[991]]
[[0],[0],[0],[0]], [[0],[0],[0],[0]]
[[992],[993],[994],[995]], [[0],[0],[0],[0]]
[[0],[0],[0],[0]], [[0],[0],[0],[0]]
[[0],[0],[0],[0]], [[992],[993],[994],[995]]
[[0],[0],[0],[0]], [[0],[0],[0],[0]]
[[996],[997],[998],[999]], [[0],[0],[0],[0]]
[[0],[0],[0],[0]], [[0],[0],[0],[0]]
[[0],[0],[0],[0]], [[996],[997],[998],[999]]
[[0],[0],[0],[0]], [[0],[0],[0],[0]]
[[1000],[1001],[1002],[1003]], [[0],[0],[0],[0]]
[[0],[0],[0],[0]], [[0],[0],[0],[0]]
[[0],[0],[0],[0]], [[1000],[1001],[1002],[1003]]
[[0],[0],[0],[0]], [[0],[0],[0],[0]]
[[1004],[1005],[1006],[1007]], [[0],[0],[0],[0]]
[[0],[0],[0],[0]], [[0],[0],[0],[0]]
[[0],[0],[0],[0]], [[1004],[1005],[1006],[1007]]
[[0],[0],[0],[0]], [[0],[0],[0],[0]]
[[1008],[1009],[1010],[1011]], [[0],[0],[0],[0]]
[[0],[0],[0],[0]], [[0],[0],[0],[0]]
[[0],[0],[0],[0]], [[1008],[1009],[1010],[1011]]
[[0],[0],[0],[0]], [[0],[0],[0],[0]]
[[1012],[1013],[1014],[1015]], [[0],[0],[0],[0]]
[[0],[0],[0],[0]], [[0],[0],[0],[0]]
[[0],[0],[0],[0]], [[1012],[1013],[1014],[1015]]
[[0],[0],[0],[0]], [[0],[0],[0],[0]]
[[1016],[1017],[1018],[1019]], [[0],[0],[0],[0]]
[[0],[0],[0],[0]], [[0],[0],[0],[0]]
[[0],[0],[0],[0]], [[1016],[1017],[1018],[1019]]
[[0],[0],[0],[0]], [[0],[0],[0],[0]]
[[1020],[1021],[1022],[1023]], [[0],[0],[0],[0]]
[[0],[0],[0],[0]], [[0],[0],[0],[0]]
[[0],[0],[0],[0]], [[1020],[1021],[1022],[1023]]
[[0],[0],[0],[0]], [[0],[0],[0],[0]]
[[1024],[1025],[1026],[1027]], [[0],[0],[0],[0]]
[[0],[0],[0],[0]], [[0],[0],[0],[0]]
[[0],[0],[0],[0]], [[1024],[1025],[1026],[1027]]
[[0],[0],[0],[0]], [[0],[0],[0],[0]]
[[1028],[1029],[1030],[1031]], [[0],[0],[0],[0]]
[[0],[0],[0],[0]], [[0],[0],[0],[0]]
[[0],[0],[0],[0]], [[1028],[1029],[1030],[1031]]
[[0],[0],[0],[0]], [[0],[0],[0],[0]]
[[1032],[1033],[1034],[1035]], [[0],[0],[0],[0]]
[[0],[0],[0],[0]], [[0],[0],[0],[0]]
[[0],[0],[0],[0]], [[1032],[1033],[1034],[1035]]
[[0],[0],[0],[0]], [[0],[0],[0],[0]]
[[1036],[1037],[1038],[1039]], [[0],[0],[0],[0]]
[[0],[0],[0],[0]], [[0],[0],[0],[0]]
[[0],[0],[0],[0]], [[1036],[1037],[1038],[1039]]
[[0],[0],[0],[0]], [[0],[0],[0],[0]]
[[1040],[1041],[1042],[1043]], [[0],[0],[0],[0]]
[[0],[0],[0],[0]], [[0],[0],[0],[0]]
[[0],[0],[0],[0]], [[1040],[1041],[1042],[1043]]
[[0],[0],[0],[0]], [[0],[0],[0],[0]]
[[1044],[1045],[1046],[1047]], [[0],[0],[0],[0]]
[[0],[0],[0],[0]], [[0],[0],[0],[0]]
[[0],[0],[0],[0]], [[1044],[1045],[1046],[1047]]
[[0],[0],[0],[0]], [[0],[0],[0],[0]]
[[1048],[1049],[1050],[1051]], [[0],[0],[0],[0]]
[[0],[0],[0],[0]], [[0],[0],[0],[0]]
[[0],[0],[0],[0]], [[1048],[1049],[1050],[1051]]
[[0],[0],[0],[0]], [[0],[0],[0],[0]]
[[1052],[1053],[1054],[1055]], [[0],[0],[0],[0]]
[[0],[0],[0],[0]], [[0],[0],[0],[0]]
[[0],[0],[0],[0]], [[1052],[1053],[1054],[1055]]
[[0],[0],[0],[0]], [[0],[0],[0],[0]]
[[1056],[1057],[1058],[1059]], [[0],[0],[0],[0]]
[[0],[0],[0],[0]], [[0],[0],[0],[0]]
[[0],[0],[0],[0]], [[1056],[1057],[1058],[1059]]
[[0],[0],[0],[0]], [[0],[0],[0],[0]]
[[1060],[1061],[1062],[1063]], [[0],[0],[0],[0]]
[[0],[0],[0],[0]], [[0],[0],[0],[0]]
[[0],[0],[0],[0]], [[1060],[1061],[1062],[1063]]
[[0],[0],[0],[0]], [[0],[0],[0],[0]]
[[1064],[1065],[1066],[1067]], [[0],[0],[0],[0]]
[[0],[0],[0],[0]], [[0],[0],[0],[0]]
[[0],[0],[0],[0]], [[1064],[1065],[1066],[1067]]
[[0],[0],[0],[0]], [[0],[0],[0],[0]]
[[1068],[1069],[1070],[1071]], [[0],[0],[0],[0]]
[[0],[0],[0],[0]], [[0],[0],[0],[0]]
[[0],[0],[0],[0]], [[1068],[1069],[1070],[1071]]
[[0],[0],[0],[0]], [[0],[0],[0],[0]]
[[1072],[1073],[1074],[1075]], [[0],[0],[0],[0]]
[[0],[0],[0],[0]], [[0],[0],[0],[0]]
[[0],[0],[0],[0]], [[1072],[1073],[1074],[1075]]
[[0],[0],[0],[0]], [[0],[0],[0],[0]]
[[1076],[1077],[1078],[1079]], [[0],[0],[0],[0]]
[[0],[0],[0],[0]], [[0],[0],[0],[0]]
[[0],[0],[0],[0]], [[1076],[1077],[1078],[1079]]
[[0],[0],[0],[0]], [[0],[0],[0],[0]]
[[1080],[1081],[1082],[1083]], [[0],[0],[0],[0]]
[[0],[0],[0],[0]], [[0],[0],[0],[0]]
[[0],[0],[0],[0]], [[1080],[1081],[1082],[1083]]
[[0],[0],[0],[0]], [[0],[0],[0],[0]]
[[1084],[1085],[1086],[1087]], [[0],[0],[0],[0]]
[[0],[0],[0],[0]], [[0],[0],[0],[0]]
[[0],[0],[0],[0]], [[1084],[1085],[1086],[1087]]
[[0],[0],[0],[0]], [[0],[0],[0],[0]]
[[1088],[1089],[1090],[1091]], [[0],[0],[0],[0]]
[[0],[0],[0],[0]], [[0],[0],[0],[0]]
[[0],[0],[0],[0]], [[1088],[1089],[1090],[1091]]
[[0],[0],[0],[0]], [[0],[0],[0],[0]]
[[1092],[1093],[1094],[1095]], [[0],[0],[0],[0]]
[[0],[0],[0],[0]], [[0],[0],[0],[0]]
[[0],[0],[0],[0]], [[1092],[1093],[1094],[1095]]
[[0],[0],[0],[0]], [[0],[0],[0],[0]]
[[1096],[1097],[1098],[1099]], [[0],[0],[0],[0]]
[[0],[0],[0],[0]], [[0],[0],[0],[0]]
[[0],[0],[0],[0]], [[1096],[1097],[1098],[1099]]
[[0],[0],[0],[0]], [[0],[0],[0],[0]]
[[1100],[1101],[1102],[1103]], [[0],[0],[0],[0]]
[[0],[0],[0],[0]], [[0],[0],[0],[0]]
[[0],[0],[0],[0]], [[1100],[1101],[1102],[1103]]
[[0],[0],[0],[0]], [[0],[0],[0],[0]]
[[1104],[1105],[1106],[1107]], [[0],[0],[0],[0]]
[[0],[0],[0],[0]], [[0],[0],[0],[0]]
[[0],[0],[0],[0]], [[1104],[1105],[1106],[1107]]
[[0],[0],[0],[0]], [[0],[0],[0],[0]]
[[1108],[1109],[1110],[1111]], [[0],[0],[0],[0]]
[[0],[0],[0],[0]], [[0],[0],[0],[0]]
[[0],[0],[0],[0]], [[1108],[1109],[1110],[1111]]
[[0],[0],[0],[0]], [[0],[0],[0],[0]]
[[1112],[1113],[1114],[1115]], [[0],[0],[0],[0]]
[[0],[0],[0],[0]], [[0],[0],[0],[0]]
[[0],[0],[0],[0]], [[1112],[1113],[1114],[1115]]
[[0],[0],[0],[0]], [[0],[0],[0],[0]]
[[1116],[1117],[1118],[1119]], [[0],[0],[0],[0]]
[[0],[0],[0],[0]], [[0],[0],[0],[0]]
[[0],[0],[0],[0]], [[1116],[1117],[1118],[1119]]
[[0],[0],[0],[0]], [[0],[0],[0],[0]]
[[1120],[1121],[1122],[1123]], [[0],[0],[0],[0]]
[[0],[0],[0],[0]], [[0],[0],[0],[0]]
[[0],[0],[0],[0]], [[1120],[1121],[1122],[1123]]
[[0],[0],[0],[0]], [[0],[0],[0],[0]]
[[1124],[1125],[1126],[1127]], [[0],[0],[0],[0]]
[[0],[0],[0],[0]], [[0],[0],[0],[0]]
[[0],[0],[0],[0]], [[1124],[1125],[1126],[1127]]
[[0],[0],[0],[0]], [[0],[0],[0],[0]]
[[1128],[1129],[1130],[1131]], [[0],[0],[0],[0]]
[[0],[0],[0],[0]], [[0],[0],[0],[0]]
[[0],[0],[0],[0]], [[1128],[1129],[1130],[1131]]
[[0],[0],[0],[0]], [[0],[0],[0],[0]]
[[1132],[1133],[1134],[1135]], [[0],[0],[0],[0]]
[[0],[0],[0],[0]], [[0],[0],[0],[0]]
[[0],[0],[0],[0]], [[1132],[1133],[1134],[1135]]
[[0],[0],[0],[0]], [[0],[0],[0],[0]]
[[1136],[1137],[1138],[1139]], [[0],[0],[0],[0]]
[[0],[0],[0],[0]], [[0],[0],[0],[0]]
[[0],[0],[0],[0]], [[1136],[1137],[1138],[1139]]
[[0],[0],[0],[0]], [[0],[0],[0],[0]]
[[1140],[1141],[1142],[1143]], [[0],[0],[0],[0]]
[[0],[0],[0],[0]], [[0],[0],[0],[0]]
[[0],[0],[0],[0]], [[1140],[1141],[1142],[1143]]
[[0],[0],[0],[0]], [[0],[0],[0],[0]]
[[1144],[1145],[1146],[1147]], [[0],[0],[0],[0]]
[[0],[0],[0],[0]], [[0],[0],[0],[0]]
[[0],[0],[0],[0]], [[1144],[1145],[1146],[1147]]
[[0],[0],[0],[0]], [[0],[0],[0],[0]]
[[1148],[1149],[1150],[1151]], [[0],[0],[0],[0]]
[[0],[0],[0],[0]], [[0],[0],[0],[0]]
[[0],[0],[0],[0]], [[1148],[1149],[1150],[1151]]
[[0],[0],[0],[0]], [[0],[0],[0],[0]]
[[1152],[1153],[1154],[1155]], [[0],[0],[0],[0]]
[[0],[0],[0],[0]], [[0],[0],[0],[0]]
[[0],[0],[0],[0]], [[1152],[1153],[1154],[1155]]
[[0],[0],[0],[0]], [[0],[0],[0],[0]]
[[1156],[1157],[1158],[1159]], [[0],[0],[0],[0]]
[[0],[0],[0],[0]], [[0],[0],[0],[0]]
[[0],[0],[0],[0]], [[1156],[1157],[1158],[1159]]
[[0],[0],[0],[0]], [[0],[0],[0],[0]]
[[1160],[1161],[1162],[1163]], [[0],[0],[0],[0]]
[[0],[0],[0],[0]], [[0],[0],[0],[0]]
[[0],[0],[0],[0]], [[1160],[1161],[1162],[1163]]
[[0],[0],[0],[0]], [[0],[0],[0],[0]]
[[1164],[1165],[1166],[1167]], [[0],[0],[0],[0]]
[[0],[0],[0],[0]], [[0],[0],[0],[0]]
[[0],[0],[0],[0]], [[1164],[1165],[1166],[1167]]
[[0],[0],[0],[0]], [[0],[0],[0],[0]]
[[1168],[1169],[1170],[1171]], [[0],[0],[0],[0]]
[[0],[0],[0],[0]], [[0],[0],[0],[0]]
[[0],[0],[0],[0]], [[1168],[1169],[1170],[1171]]
[[0],[0],[0],[0]], [[0],[0],[0],[0]]
[[1172],[1173],[1174],[1175]], [[0],[0],[0],[0]]
[[0],[0],[0],[0]], [[0],[0],[0],[0]]
[[0],[0],[0],[0]], [[1172],[1173],[1174],[1175]]
[[0],[0],[0],[0]], [[0],[0],[0],[0]]
[[1176],[1177],[1178],[1179]], [[0],[0],[0],[0]]
[[0],[0],[0],[0]], [[0],[0],[0],[0]]
[[0],[0],[0],[0]], [[1176],[1177],[1178],[1179]]
[[0],[0],[0],[0]], [[0],[0],[0],[0]]
[[1180],[1181],[1182],[1183]], [[0],[0],[0],[0]]
[[0],[0],[0],[0]], [[0],[0],[0],[0]]
[[0],[0],[0],[0]], [[1180],[1181],[1182],[1183]]
[[0],[0],[0],[0]], [[0],[0],[0],[0]]
[[1184],[1185],[1186],[1187]], [[0],[0],[0],[0]]
[[0],[0],[0],[0]], [[0],[0],[0],[0]]
[[0],[0],[0],[0]], [[1184],[1185],[1186],[1187]]
[[0],[0],[0],[0]], [[0],[0],[0],[0]]
[[1188],[1189],[1190],[1191]], [[0],[0],[0],[0]]
[[0],[0],[0],[0]], [[0],[0],[0],[0]]
[[0],[0],[0],[0]], [[1188],[1189],[1190],[1191]]
[[0],[0],[0],[0]], [[0],[0],[0],[0]]
[[1192],[1193],[1194],[1195]], [[0],[0],[0],[0]]
[[0],[0],[0],[0]], [[0],[0],[0],[0]]
[[0],[0],[0],[0]], [[1192],[1193],[1194],[1195]]
[[0],[0],[0],[0]], [[0],[0],[0],[0]]
[[1196],[1197],[1198],[1199]], [[0],[0],[0],[0]]
[[0],[0],[0],[0]], [[0],[0],[0],[0]]
[[0],[0],[0],[0]], [[1196],[1197],[1198],[1199]]
[[0],[0],[0],[0]], [[0],[0],[0],[0]]
[[1200],[1201],[1202],[1203]], [[0],[0],[0],[0]]
[[0],[0],[0],[0]], [[0],[0],[0],[0]]
[[0],[0],[0],[0]], [[1200],[1201],[1202],[1203]]
[[0],[0],[0],[0]], [[0],[0],[0],[0]]
[[1204],[1205],[1206],[1207]], [[0],[0],[0],[0]]
[[0],[0],[0],[0]], [[0],[0],[0],[0]]
[[0],[0],[0],[0]], [[1204],[1205],[1206],[1207]]
[[0],[0],[0],[0]], [[0],[0],[0],[0]]
[[1208],[1209],[1210],[1211]], [[0],[0],[0],[0]]
[[0],[0],[0],[0]], [[0],[0],[0],[0]]
[[0],[0],[0],[0]], [[1208],[1209],[1210],[1211]]
[[0],[0],[0],[0]], [[0],[0],[0],[0]]
[[1212],[1213],[1214],[1215]], [[0],[0],[0],[0]]
[[0],[0],[0],[0]], [[0],[0],[0],[0]]
[[0],[0],[0],[0]], [[1212],[1213],[1214],[1215]]
[[0],[0],[0],[0]], [[0],[0],[0],[0]]
[[1216],[1217],[1218],[1219]], [[0],[0],[0],[0]]
[[0],[0],[0],[0]], [[0],[0],[0],[0]]
[[0],[0],[0],[0]], [[1216],[1217],[1218],[1219]]
[[0],[0],[0],[0]], [[0],[0],[0],[0]]
[[1220],[1221],[1222],[1223]], [[0],[0],[0],[0]]
[[0],[0],[0],[0]], [[0],[0],[0],[0]]
[[0],[0],[0],[0]], [[1220],[1221],[1222],[1223]]
[[0],[0],[0],[0]], [[0],[0],[0],[0]]
[[1224],[1225],[1226],[1227]], [[0],[0],[0],[0]]
[[0],[0],[0],[0]], [[0],[0],[0],[0]]
[[0],[0],[0],[0]], [[1224],[1225],[1226],[1227]]
[[0],[0],[0],[0]], [[0],[0],[0],[0]]
[[1228],[1229],[1230],[1231]], [[0],[0],[0],[0]]
[[0],[0],[0],[0]], [[0],[0],[0],[0]]
[[0],[0],[0],[0]], [[1228],[1229],[1230],[1231]]
[[0],[0],[0],[0]], [[0],[0],[0],[0]]
[[1232],[1233],[1234],[1235]], [[0],[0],[0],[0]]
[[0],[0],[0],[0]], [[0],[0],[0],[0]]
[[0],[0],[0],[0]], [[1232],[1233],[1234],[1235]]
[[0],[0],[0],[0]], [[0],[0],[0],[0]]
[[1236],[1237],[1238],[1239]], [[0],[0],[0],[0]]
[[0],[0],[0],[0]], [[0],[0],[0],[0]]
[[0],[0],[0],[0]], [[1236],[1237],[1238],[1239]]
[[0],[0],[0],[0]], [[0],[0],[0],[0]]
[[1240],[1241],[1242],[1243]], [[0],[0],[0],[0]]
[[0],[0],[0],[0]], [[0],[0],[0],[0]]
[[0],[0],[0],[0]], [[1240],[1241],[1242],[1243]]
[[0],[0],[0],[0]], [[0],[0],[0],[0]]
[[1244],[1245],[1246],[1247]], [[0],[0],[0],[0]]
[[0],[0],[0],[0]], [[0],[0],[0],[0]]
[[0],[0],[0],[0]], [[1244],[1245],[1246],[1247]]
[[0],[0],[0],[0]], [[0],[0],[0],[0]]
[[1248],[1249],[1250],[1251]], [[0],[0],[0],[0]]
[[0],[0],[0],[0]], [[0],[0],[0],[0]]
[[0],[0],[0],[0]], [[1248],[1249],[1250],[1251]]
[[0],[0],[0],[0]], [[0],[0],[0],[0]]
[[1252],[1253],[1254],[1255]], [[0],[0],[0],[0]]
[[0],[0],[0],[0]], [[0],[0],[0],[0]]
[[0],[0],[0],[0]], [[1252],[1253],[1254],[1255]]
[[0],[0],[0],[0]], [[0],[0],[0],[0]]
[[1256],[1257],[1258],[1259]], [[0],[0],[0],[0]]
[[0],[0],[0],[0]], [[0],[0],[0],[0]]
[[0],[0],[0],[0]], [[1256],[1257],[1258],[1259]]
[[0],[0],[0],[0]], [[0],[0],[0],[0]]
[[1260],[1261],[1262],[1263]], [[0],[0],[0],[0]]
[[0],[0],[0],[0]], [[0],[0],[0],[0]]
[[0],[0],[0],[0]], [[1260],[1261],[1262],[1263]]
[[0],[0],[0],[0]], [[0],[0],[0],[0]]
[[1264],[1265],[1266],[1267]], [[0],[0],[0],[0]]
[[0],[0],[0],[0]], [[0],[0],[0],[0]]
[[0],[0],[0],[0]], [[1264],[1265],[1266],[1267]]
[[0],[0],[0],[0]], [[0],[0],[0],[0]]
[[1268],[1269],[1270],[1271]], [[0],[0],[0],[0]]
[[0],[0],[0],[0]], [[0],[0],[0],[0]]
[[0],[0],[0],[0]], [[1268],[1269],[1270],[1271]]
[[0],[0],[0],[0]], [[0],[0],[0],[0]]
[[1272],[1273],[1274],[1275]], [[0],[0],[0],[0]]
[[0],[0],[0],[0]], [[0],[0],[0],[0]]
[[0],[0],[0],[0]], [[1272],[1273],[1274],[1275]]
[[0],[0],[0],[0]], [[0],[0],[0],[0]]
[[1276],[1277],[1278],[1279]], [[0],[0],[0],[0]]
[[0],[0],[0],[0]], [[0],[0],[0],[0]]
[[0],[0],[0],[0]], [[1276],[1277],[1278],[1279]]
[[0],[0],[0],[0]], [[0],[0],[0],[0]]
[[1280],[1281],[1282],[1283]], [[0],[0],[0],[0]]
[[0],[0],[0],[0]], [[0],[0],[0],[0]]
[[0],[0],[0],[0]], [[1280],[1281],[1282],[1283]]
[[0],[0],[0],[0]], [[0],[0],[0],[0]]
[[1284],[1285],[1286],[1287]], [[0],[0],[0],[0]]
[[0],[0],[0],[0]], [[0],[0],[0],[0]]
[[0],[0],[0],[0]], [[1284],[1285],[1286],[1287]]
[[0],[0],[0],[0]], [[0],[0],[0],[0]]
[[1288],[1289],[1290],[1291]], [[0],[0],[0],[0]]
[[0],[0],[0],[0]], [[0],[0],[0],[0]]
[[0],[0],[0],[0]], [[1288],[1289],[1290],[1291]]
[[0],[0],[0],[0]], [[0],[0],[0],[0]]
[[1292],[1293],[1294],[1295]], [[0],[0],[0],[0]]
[[0],[0],[0],[0]], [[0],[0],[0],[0]]
[[0],[0],[0],[0]], [[1292],[1293],[1294],[1295]]
[[0],[0],[0],[0]], [[0],[0],[0],[0]]
[[1296],[1297],[1298],[1299]], [[0],[0],[0],[0]]
[[0],[0],[0],[0]], [[0],[0],[0],[0]]
[[0],[0],[0],[0]], [[1296],[1297],[1298],[1299]]
[[0],[0],[0],[0]], [[0],[0],[0],[0]]
[[1300],[1301],[1302],[1303]], [[0],[0],[0],[0]]
[[0],[0],[0],[0]], [[0],[0],[0],[0]]
[[0],[0],[0],[0]], [[1300],[1301],[1302],[1303]]
[[0],[0],[0],[0]], [[0],[0],[0],[0]]
[[1304],[1305],[1306],[1307]], [[0],[0],[0],[0]]
[[0],[0],[0],[0]], [[0],[0],[0],[0]]
[[0],[0],[0],[0]], [[1304],[1305],[1306],[1307]]
[[0],[0],[0],[0]], [[0],[0],[0],[0]]
[[1308],[1309],[1310],[1311]], [[0],[0],[0],[0]]
[[0],[0],[0],[0]], [[0],[0],[0],[0]]
[[0],[0],[0],[0]], [[1308],[1309],[1310],[1311]]
[[0],[0],[0],[0]], [[0],[0],[0],[0]]
[[1312],[1313],[1314],[1315]], [[0],[0],[0],[0]]
[[0],[0],[0],[0]], [[0],[0],[0],[0]]
[[0],[0],[0],[0]], [[1312],[1313],[1314],[1315]]
[[0],[0],[0],[0]], [[0],[0],[0],[0]]
[[1316],[1317],[1318],[1319]], [[0],[0],[0],[0]]
[[0],[0],[0],[0]], [[0],[0],[0],[0]]
[[0],[0],[0],[0]], [[1316],[1317],[1318],[1319]]
[[0],[0],[0],[0]], [[0],[0],[0],[0]]
[[1320],[1321],[1322],[1323]], [[0],[0],[0],[0]]
[[0],[0],[0],[0]], [[0],[0],[0],[0]]
[[0],[0],[0],[0]], [[1320],[1321],[1322],[1323]]
[[0],[0],[0],[0]], [[0],[0],[0],[0]]
[[1324],[1325],[1326],[1327]], [[0],[0],[0],[0]]
[[0],[0],[0],[0]], [[0],[0],[0],[0]]
[[0],[0],[0],[0]], [[1324],[1325],[1326],[1327]]
[[0],[0],[0],[0]], [[0],[0],[0],[0]]
[[1328],[1329],[1330],[1331]], [[0],[0],[0],[0]]
[[0],[0],[0],[0]], [[0],[0],[0],[0]]
[[0],[0],[0],[0]], [[1328],[1329],[1330],[1331]]
[[0],[0],[0],[0]], [[0],[0],[0],[0]]
[[1332],[1333],[1334],[1335]], [[0],[0],[0],[0]]
[[0],[0],[0],[0]], [[0],[0],[0],[0]]
[[0],[0],[0],[0]], [[1332],[1333],[1334],[1335]]
[[0],[0],[0],[0]], [[0],[0],[0],[0]]
[[1336],[1337],[1338],[1339]], [[0],[0],[0],[0]]
[[0],[0],[0],[0]], [[0],[0],[0],[0]]
[[0],[0],[0],[0]], [[1336],[1337],[1338],[1339]]
[[0],[0],[0],[0]], [[0],[0],[0],[0]]
[[1340],[1341],[1342],[1343]], [[0],[0],[0],[0]]
[[0],[0],[0],[0]], [[0],[0],[0],[0]]
[[0],[0],[0],[0]], [[1340],[1341],[1342],[1343]]
[[0],[0],[0],[0]], [[0],[0],[0],[0]]
[[1344],[1345],[1346],[1347]], [[0],[0],[0],[0]]
[[0],[0],[0],[0]], [[0],[0],[0],[0]]
[[0],[0],[0],[0]], [[1344],[1345],[1346],[1347]]
[[0],[0],[0],[0]], [[0],[0],[0],[0]]
[[1348],[1349],[1350],[1351]], [[0],[0],[0],[0]]
[[0],[0],[0],[0]], [[0],[0],[0],[0]]
[[0],[0],[0],[0]], [[1348],[1349],[1350],[1351]]
[[0],[0],[0],[0]], [[0],[0],[0],[0]]
[[1352],[1353],[1354],[1355]], [[0],[0],[0],[0]]
[[0],[0],[0],[0]], [[0],[0],[0],[0]]
[[0],[0],[0],[0]], [[1352],[1353],[1354],[1355]]
[[0],[0],[0],[0]], [[0],[0],[0],[0]]
[[1356],[1357],[1358],[1359]], [[0],[0],[0],[0]]
[[0],[0],[0],[0]], [[0],[0],[0],[0]]
[[0],[0],[0],[0]], [[1356],[1357],[1358],[1359]]
[[0],[0],[0],[0]], [[0],[0],[0],[0]]
[[1360],[1361],[1362],[1363]], [[0],[0],[0],[0]]
[[0],[0],[0],[0]], [[0],[0],[0],[0]]
[[0],[0],[0],[0]], [[1360],[1361],[1362],[1363]]
[[0],[0],[0],[0]], [[0],[0],[0],[0]]
[[1364],[1365],[1366],[1367]], [[0],[0],[0],[0]]
[[0],[0],[0],[0]], [[0],[0],[0],[0]]
[[0],[0],[0],[0]], [[1364],[1365],[1366],[1367]]
[[0],[0],[0],[0]], [[0],[0],[0],[0]]
[[1368],[1369],[1370],[1371]], [[0],[0],[0],[0]]
[[0],[0],[0],[0]], [[0],[0],[0],[0]]
[[0],[0],[0],[0]], [[1368],[1369],[1370],[1371]]
[[0],[0],[0],[0]], [[0],[0],[0],[0]]
[[1372],[1373],[1374],[1375]], [[0],[0],[0],[0]]
[[0],[0],[0],[0]], [[0],[0],[0],[0]]
[[0],[0],[0],[0]], [[1372],[1373],[1374],[1375]]
[[0],[0],[0],[0]], [[0],[0],[0],[0]]
[[1376],[1377],[1378],[1379]], [[0],[0],[0],[0]]
[[0],[0],[0],[0]], [[0],[0],[0],[0]]
[[0],[0],[0],[0]], [[1376],[1377],[1378],[1379]]
[[0],[0],[0],[0]], [[0],[0],[0],[0]]
[[1380],[1381],[1382],[1383]], [[0],[0],[0],[0]]
[[0],[0],[0],[0]], [[0],[0],[0],[0]]
[[0],[0],[0],[0]], [[1380],[1381],[1382],[1383]]
[[0],[0],[0],[0]], [[0],[0],[0],[0]]
[[1384],[1385],[1386],[1387]], [[0],[0],[0],[0]]
[[0],[0],[0],[0]], [[0],[0],[0],[0]]
[[0],[0],[0],[0]], [[1384],[1385],[1386],[1387]]
[[0],[0],[0],[0]], [[0],[0],[0],[0]]
[[1388],[1389],[1390],[1391]], [[0],[0],[0],[0]]
[[0],[0],[0],[0]], [[0],[0],[0],[0]]
[[0],[0],[0],[0]], [[1388],[1389],[1390],[1391]]
[[0],[0],[0],[0]], [[0],[0],[0],[0]]
[[1392],[1393],[1394],[1395]], [[0],[0],[0],[0]]
[[0],[0],[0],[0]], [[0],[0],[0],[0]]
[[0],[0],[0],[0]], [[1392],[1393],[1394],[1395]]
[[0],[0],[0],[0]], [[0],[0],[0],[0]]
[[1396],[1397],[1398],[1399]], [[0],[0],[0],[0]]
[[0],[0],[0],[0]], [[0],[0],[0],[0]]
[[0],[0],[0],[0]], [[1396],[1397],[1398],[1399]]
[[0],[0],[0],[0]], [[0],[0],[0],[0]]
[[1400],[1401],[1402],[1403]], [[0],[0],[0],[0]]
[[0],[0],[0],[0]], [[0],[0],[0],[0]]
[[0],[0],[0],[0]], [[1400],[1401],[1402],[1403]]
[[0],[0],[0],[0]], [[0],[0],[0],[0]]
[[1404],[1405],[1406],[1407]], [[0],[0],[0],[0]]
[[0],[0],[0],[0]], [[0],[0],[0],[0]]
[[0],[0],[0],[0]], [[1404],[1405],[1406],[1407]]
[[0],[0],[0],[0]], [[0],[0],[0],[0]]
[[1408],[1409],[1410],[1411]], [[0],[0],[0],[0]]
[[0],[0],[0],[0]], [[0],[0],[0],[0]]
[[0],[0],[0],[0]], [[1408],[1409],[1410],[1411]]
[[0],[0],[0],[0]], [[0],[0],[0],[0]]
[[1412],[1413],[1414],[1415]], [[0],[0],[0],[0]]
[[0],[0],[0],[0]], [[0],[0],[0],[0]]
[[0],[0],[0],[0]], [[1412],[1413],[1414],[1415]]
[[0],[0],[0],[0]], [[0],[0],[0],[0]]
[[1416],[1417],[1418],[1419]], [[0],[0],[0],[0]]
[[0],[0],[0],[0]], [[0],[0],[0],[0]]
[[0],[0],[0],[0]], [[1416],[1417],[1418],[1419]]
[[0],[0],[0],[0]], [[0],[0],[0],[0]]
[[1420],[1421],[1422],[1423]], [[0],[0],[0],[0]]
[[0],[0],[0],[0]], [[0],[0],[0],[0]]
[[0],[0],[0],[0]], [[1420],[1421],[1422],[1423]]
[[0],[0],[0],[0]], [[0],[0],[0],[0]]
[[1424],[1425],[1426],[1427]], [[0],[0],[0],[0]]
[[0],[0],[0],[0]], [[0],[0],[0],[0]]
[[0],[0],[0],[0]], [[1424],[1425],[1426],[1427]]
[[0],[0],[0],[0]], [[0],[0],[0],[0]]
[[1428],[1429],[1430],[1431]], [[0],[0],[0],[0]]
[[0],[0],[0],[0]], [[0],[0],[0],[0]]
[[0],[0],[0],[0]], [[1428],[1429],[1430],[1431]]
[[0],[0],[0],[0]], [[0],[0],[0],[0]]
[[1432],[1433],[1434],[1435]], [[0],[0],[0],[0]]
[[0],[0],[0],[0]], [[0],[0],[0],[0]]
[[0],[0],[0],[0]], [[1432],[1433],[1434],[1435]]
[[0],[0],[0],[0]], [[0],[0],[0],[0]]
[[1436],[1437],[1438],[1439]], [[0],[0],[0],[0]]
[[0],[0],[0],[0]], [[0],[0],[0],[0]]
[[0],[0],[0],[0]], [[1436],[1437],[1438],[1439]]
[[0],[0],[0],[0]], [[0],[0],[0],[0]]
[[1440],[1441],[1442],[1443]], [[0],[0],[0],[0]]
[[0],[0],[0],[0]], [[0],[0],[0],[0]]
[[0],[0],[0],[0]], [[1440],[1441],[1442],[1443]]
[[0],[0],[0],[0]], [[0],[0],[0],[0]]
[[1444],[1445],[1446],[1447]], [[0],[0],[0],[0]]
[[0],[0],[0],[0]], [[0],[0],[0],[0]]
[[0],[0],[0],[0]], [[1444],[1445],[1446],[1447]]
[[0],[0],[0],[0]], [[0],[0],[0],[0]]
[[1448],[1449],[1450],[1451]], [[0],[0],[0],[0]]
[[0],[0],[0],[0]], [[0],[0],[0],[0]]
[[0],[0],[0],[0]], [[1448],[1449],[1450],[1451]]
[[0],[0],[0],[0]], [[0],[0],[0],[0]]
[[1452],[1453],[1454],[1455]], [[0],[0],[0],[0]]
[[0],[0],[0],[0]], [[0],[0],[0],[0]]
[[0],[0],[0],[0]], [[1452],[1453],[1454],[1455]]
[[0],[0],[0],[0]], [[0],[0],[0],[0]]
[[1456],[1457],[1458],[1459]], [[0],[0],[0],[0]]
[[0],[0],[0],[0]], [[0],[0],[0],[0]]
[[0],[0],[0],[0]], [[1456],[1457],[1458],[1459]]
[[0],[0],[0],[0]], [[0],[0],[0],[0]]
[[1460],[1461],[1462],[1463]], [[0],[0],[0],[0]]
[[0],[0],[0],[0]], [[0],[0],[0],[0]]
[[0],[0],[0],[0]], [[1460],[1461],[1462],[1463]]
[[0],[0],[0],[0]], [[0],[0],[0],[0]]
[[1464],[1465],[1466],[1467]], [[0],[0],[0],[0]]
[[0],[0],[0],[0]], [[0],[0],[0],[0]]
[[0],[0],[0],[0]], [[1464],[1465],[1466],[1467]]
[[0],[0],[0],[0]], [[0],[0],[0],[0]]
[[1468],[1469],[1470],[1471]], [[0],[0],[0],[0]]
[[0],[0],[0],[0]], [[0],[0],[0],[0]]
[[0],[0],[0],[0]], [[1468],[1469],[1470],[1471]]
[[0],[0],[0],[0]], [[0],[0],[0],[0]]
[[1472],[1473],[1474],[1475]], [[0],[0],[0],[0]]
[[0],[0],[0],[0]], [[0],[0],[0],[0]]
[[0],[0],[0],[0]], [[1472],[1473],[1474],[1475]]
[[0],[0],[0],[0]], [[0],[0],[0],[0]]
[[1476],[1477],[1478],[1479]], [[0],[0],[0],[0]]
[[0],[0],[0],[0]], [[0],[0],[0],[0]]
[[0],[0],[0],[0]], [[1476],[1477],[1478],[1479]]
[[0],[0],[0],[0]], [[0],[0],[0],[0]]
[[1480],[1481],[1482],[1483]], [[0],[0],[0],[0]]
[[0],[0],[0],[0]], [[0],[0],[0],[0]]
[[0],[0],[0],[0]], [[1480],[1481],[1482],[1483]]
[[0],[0],[0],[0]], [[0],[0],[0],[0]]
[[1484],[1485],[1486],[1487]], [[0],[0],[0],[0]]
[[0],[0],[0],[0]], [[0],[0],[0],[0]]
[[0],[0],[0],[0]], [[1484],[1485],[1486],[1487]]
[[0],[0],[0],[0]], [[0],[0],[0],[0]]
[[1488],[1489],[1490],[1491]], [[0],[0],[0],[0]]
[[0],[0],[0],[0]], [[0],[0],[0],[0]]
[[0],[0],[0],[0]], [[1488],[1489],[1490],[1491]]
[[0],[0],[0],[0]], [[0],[0],[0],[0]]
[[1492],[1493],[1494],[1495]], [[0],[0],[0],[0]]
[[0],[0],[0],[0]], [[0],[0],[0],[0]]
[[0],[0],[0],[0]], [[1492],[1493],[1494],[1495]]
[[0],[0],[0],[0]], [[0],[0],[0],[0]]
[[1496],[1497],[1498],[1499]], [[0],[0],[0],[0]]
[[0],[0],[0],[0]], [[0],[0],[0],[0]]
[[0],[0],[0],[0]], [[1496],[1497],[1498],[1499]]
[[0],[0],[0],[0]], [[0],[0],[0],[0]]
[[1500],[1501],[1502],[1503]], [[0],[0],[0],[0]]
[[0],[0],[0],[0]], [[0],[0],[0],[0]]
[[0],[0],[0],[0]], [[1500],[1501],[1502],[1503]]
[[0],[0],[0],[0]], [[0],[0],[0],[0]]
[[1504],[1505],[1506],[1507]], [[0],[0],[0],[0]]
[[0],[0],[0],[0]], [[0],[0],[0],[0]]
[[0],[0],[0],[0]], [[1504],[1505],[1506],[1507]]
[[0],[0],[0],[0]], [[0],[0],[0],[0]]
[[1508],[1509],[1510],[1511]], [[0],[0],[0],[0]]
[[0],[0],[0],[0]], [[0],[0],[0],[0]]
[[0],[0],[0],[0]], [[1508],[1509],[1510],[1511]]
[[0],[0],[0],[0]], [[0],[0],[0],[0]]
[[1512],[1513],[1514],[1515]], [[0],[0],[0],[0]]
[[0],[0],[0],[0]], [[0],[0],[0],[0]]
[[0],[0],[0],[0]], [[1512],[1513],[1514],[1515]]
[[0],[0],[0],[0]], [[0],[0],[0],[0]]
[[1516],[1517],[1518],[1519]], [[0],[0],[0],[0]]
[[0],[0],[0],[0]], [[0],[0],[0],[0]]
[[0],[0],[0],[0]], [[1516],[1517],[1518],[1519]]
[[0],[0],[0],[0]], [[0],[0],[0],[0]]
[[1520],[1521],[1522],[1523]], [[0],[0],[0],[0]]
[[0],[0],[0],[0]], [[0],[0],[0],[0]]
[[0],[0],[0],[0]], [[1520],[1521],[1522],[1523]]
[[0],[0],[0],[0]], [[0],[0],[0],[0]]
[[1524],[1525],[1526],[1527]], [[0],[0],[0],[0]]
[[0],[0],[0],[0]], [[0],[0],[0],[0]]
[[0],[0],[0],[0]], [[1524],[1525],[1526],[1527]]
[[0],[0],[0],[0]], [[0],[0],[0],[0]]
[[1528],[1529],[1530],[1531]], [[0],[0],[0],[0]]
[[0],[0],[0],[0]], [[0],[0],[0],[0]]
[[0],[0],[0],[0]], [[1528],[1529],[1530],[1531]]
[[0],[0],[0],[0]], [[0],[0],[0],[0]]
[[1532],[1533],[1534],[1535]], [[0],[0],[0],[0]]
[[0],[0],[0],[0]], [[0],[0],[0],[0]]
[[0],[0],[0],[0]], [[1532],[1533],[1534],[1535]]
[[0],[0],[0],[0]], [[0],[0],[0],[0]]
[[1536],[1537],[1538],[1539]], [[0],[0],[0],[0]]
[[0],[0],[0],[0]], [[0],[0],[0],[0]]
[[0],[0],[0],[0]], [[1536],[1537],[1538],[1539]]
[[0],[0],[0],[0]], [[0],[0],[0],[0]]
[[1540],[1541],[1542],[1543]], [[0],[0],[0],[0]]
[[0],[0],[0],[0]], [[0],[0],[0],[0]]
[[0],[0],[0],[0]], [[1540],[1541],[1542],[1543]]
[[0],[0],[0],[0]], [[0],[0],[0],[0]]
[[1544],[1545],[1546],[1547]], [[0],[0],[0],[0]]
[[0],[0],[0],[0]], [[0],[0],[0],[0]]
[[0],[0],[0],[0]], [[1544],[1545],[1546],[1547]]
[[0],[0],[0],[0]], [[0],[0],[0],[0]]
[[1548],[1549],[1550],[1551]], [[0],[0],[0],[0]]
[[0],[0],[0],[0]], [[0],[0],[0],[0]]
[[0],[0],[0],[0]], [[1548],[1549],[1550],[1551]]
[[0],[0],[0],[0]], [[0],[0],[0],[0]]
[[1552],[1553],[1554],[1555]], [[0],[0],[0],[0]]
[[0],[0],[0],[0]], [[0],[0],[0],[0]]
[[0],[0],[0],[0]], [[1552],[1553],[1554],[1555]]
[[0],[0],[0],[0]], [[0],[0],[0],[0]]
[[1556],[1557],[1558],[1559]], [[0],[0],[0],[0]]
[[0],[0],[0],[0]], [[0],[0],[0],[0]]
[[0],[0],[0],[0]], [[1556],[1557],[1558],[1559]]
[[0],[0],[0],[0]], [[0],[0],[0],[0]]
[[1560],[1561],[1562],[1563]], [[0],[0],[0],[0]]
[[0],[0],[0],[0]], [[0],[0],[0],[0]]
[[0],[0],[0],[0]], [[1560],[1561],[1562],[1563]]
[[0],[0],[0],[0]], [[0],[0],[0],[0]]
[[1564],[1565],[1566],[1567]], [[0],[0],[0],[0]]
[[0],[0],[0],[0]], [[0],[0],[0],[0]]
[[0],[0],[0],[0]], [[1564],[1565],[1566],[1567]]
[[0],[0],[0],[0]], [[0],[0],[0],[0]]
[[1568],[1569],[1570],[1571]], [[0],[0],[0],[0]]
[[0],[0],[0],[0]], [[0],[0],[0],[0]]
[[0],[0],[0],[0]], [[1568],[1569],[1570],[1571]]
[[0],[0],[0],[0]], [[0],[0],[0],[0]]
[[1572],[1573],[1574],[1575]], [[0],[0],[0],[0]]
[[0],[0],[0],[0]], [[0],[0],[0],[0]]
[[0],[0],[0],[0]], [[1572],[1573],[1574],[1575]]
[[0],[0],[0],[0]], [[0],[0],[0],[0]]
[[1576],[1577],[1578],[1579]], [[0],[0],[0],[0]]
[[0],[0],[0],[0]], [[0],[0],[0],[0]]
[[0],[0],[0],[0]], [[1576],[1577],[1578],[1579]]
[[0],[0],[0],[0]], [[0],[0],[0],[0]]
[[1580],[1581],[1582],[1583]], [[0],[0],[0],[0]]
[[0],[0],[0],[0]], [[0],[0],[0],[0]]
[[0],[0],[0],[0]], [[1580],[1581],[1582],[1583]]
[[0],[0],[0],[0]], [[0],[0],[0],[0]]
[[1584],[1585],[1586],[1587]], [[0],[0],[0],[0]]
[[0],[0],[0],[0]], [[0],[0],[0],[0]]
[[0],[0],[0],[0]], [[1584],[1585],[1586],[1587]]
[[0],[0],[0],[0]], [[0],[0],[0],[0]]
[[1588],[1589],[1590],[1591]], [[0],[0],[0],[0]]
[[0],[0],[0],[0]], [[0],[0],[0],[0]]
[[0],[0],[0],[0]], [[1588],[1589],[1590],[1591]]
[[0],[0],[0],[0]], [[0],[0],[0],[0]]
[[1592],[1593],[1594],[1595]], [[0],[0],[0],[0]]
[[0],[0],[0],[0]], [[0],[0],[0],[0]]
[[0],[0],[0],[0]], [[1592],[1593],[1594],[1595]]
[[0],[0],[0],[0]], [[0],[0],[0],[0]]
[[1596],[1597],[1598],[1599]], [[0],[0],[0],[0]]
[[0],[0],[0],[0]], [[0],[0],[0],[0]]
[[0],[0],[0],[0]], [[1596],[1597],[1598],[1599]]
[[0],[0],[0],[0]], [[0],[0],[0],[0]]
[[1600],[1601],[1602],[1603]], [[0],[0],[0],[0]]
[[0],[0],[0],[0]], [[0],[0],[0],[0]]
[[0],[0],[0],[0]], [[1600],[1601],[1602],[1603]]
[[0],[0],[0],[0]], [[0],[0],[0],[0]]
[[1604],[1605],[1606],[1607]], [[0],[0],[0],[0]]
[[0],[0],[0],[0]], [[0],[0],[0],[0]]
[[0],[0],[0],[0]], [[1604],[1605],[1606],[1607]]
[[0],[0],[0],[0]], [[0],[0],[0],[0]]
[[1608],[1609],[1610],[1611]], [[0],[0],[0],[0]]
[[0],[0],[0],[0]], [[0],[0],[0],[0]]
[[0],[0],[0],[0]], [[1608],[1609],[1610],[1611]]
[[0],[0],[0],[0]], [[0],[0],[0],[0]]
[[1612],[1613],[1614],[1615]], [[0],[0],[0],[0]]
[[0],[0],[0],[0]], [[0],[0],[0],[0]]
[[0],[0],[0],[0]], [[1612],[1613],[1614],[1615]]
[[0],[0],[0],[0]], [[0],[0],[0],[0]]
[[1616],[1617],[1618],[1619]], [[0],[0],[0],[0]]
[[0],[0],[0],[0]], [[0],[0],[0],[0]]
[[0],[0],[0],[0]], [[1616],[1617],[1618],[1619]]
[[0],[0],[0],[0]], [[0],[0],[0],[0]]
[[1620],[1621],[1622],[1623]], [[0],[0],[0],[0]]
[[0],[0],[0],[0]], [[0],[0],[0],[0]]
[[0],[0],[0],[0]], [[1620],[1621],[1622],[1623]]
[[0],[0],[0],[0]], [[0],[0],[0],[0]]
[[1624],[1625],[1626],[1627]], [[0],[0],[0],[0]]
[[0],[0],[0],[0]], [[0],[0],[0],[0]]
[[0],[0],[0],[0]], [[1624],[1625],[1626],[1627]]
[[0],[0],[0],[0]], [[0],[0],[0],[0]]
[[1628],[1629],[1630],[1631]], [[0],[0],[0],[0]]
[[0],[0],[0],[0]], [[0],[0],[0],[0]]
[[0],[0],[0],[0]], [[1628],[1629],[1630],[1631]]
[[0],[0],[0],[0]], [[0],[0],[0],[0]]
[[1632],[1633],[1634],[1635]], [[0],[0],[0],[0]]
[[0],[0],[0],[0]], [[0],[0],[0],[0]]
[[0],[0],[0],[0]], [[1632],[1633],[1634],[1635]]
[[0],[0],[0],[0]], [[0],[0],[0],[0]]
[[1636],[1637],[1638],[1639]], [[0],[0],[0],[0]]
[[0],[0],[0],[0]], [[0],[0],[0],[0]]
[[0],[0],[0],[0]], [[1636],[1637],[1638],[1639]]
[[0],[0],[0],[0]], [[0],[0],[0],[0]]
[[1640],[1641],[1642],[1643]], [[0],[0],[0],[0]]
[[0],[0],[0],[0]], [[0],[0],[0],[0]]
[[0],[0],[0],[0]], [[1640],[1641],[1642],[1643]]
[[0],[0],[0],[0]], [[0],[0],[0],[0]]
[[1644],[1645],[1646],[1647]], [[0],[0],[0],[0]]
[[0],[0],[0],[0]], [[0],[0],[0],[0]]
[[0],[0],[0],[0]], [[1644],[1645],[1646],[1647]]
[[0],[0],[0],[0]], [[0],[0],[0],[0]]
[[1648],[1649],[1650],[1651]], [[0],[0],[0],[0]]
[[0],[0],[0],[0]], [[0],[0],[0],[0]]
[[0],[0],[0],[0]], [[1648],[1649],[1650],[1651]]
[[0],[0],[0],[0]], [[0],[0],[0],[0]]
[[1652],[1653],[1654],[1655]], [[0],[0],[0],[0]]
[[0],[0],[0],[0]], [[0],[0],[0],[0]]
[[0],[0],[0],[0]], [[1652],[1653],[1654],[1655]]
[[0],[0],[0],[0]], [[0],[0],[0],[0]]
[[1656],[1657],[1658],[1659]], [[0],[0],[0],[0]]
[[0],[0],[0],[0]], [[0],[0],[0],[0]]
[[0],[0],[0],[0]], [[1656],[1657],[1658],[1659]]
[[0],[0],[0],[0]], [[0],[0],[0],[0]]
[[1660],[1661],[1662],[1663]], [[0],[0],[0],[0]]
[[0],[0],[0],[0]], [[0],[0],[0],[0]]
[[0],[0],[0],[0]], [[1660],[1661],[1662],[1663]]
[[0],[0],[0],[0]], [[0],[0],[0],[0]]
[[1664],[1665],[1666],[1667]], [[0],[0],[0],[0]]
[[0],[0],[0],[0]], [[0],[0],[0],[0]]
[[0],[0],[0],[0]], [[1664],[1665],[1666],[1667]]
[[0],[0],[0],[0]], [[0],[0],[0],[0]]
[[1668],[1669],[1670],[1671]], [[0],[0],[0],[0]]
[[0],[0],[0],[0]], [[0],[0],[0],[0]]
[[0],[0],[0],[0]], [[1668],[1669],[1670],[1671]]
[[0],[0],[0],[0]], [[0],[0],[0],[0]]
[[1672],[1673],[1674],[1675]], [[0],[0],[0],[0]]
[[0],[0],[0],[0]], [[0],[0],[0],[0]]
[[0],[0],[0],[0]], [[1672],[1673],[1674],[1675]]
[[0],[0],[0],[0]], [[0],[0],[0],[0]]
[[1676],[1677],[1678],[1679]], [[0],[0],[0],[0]]
[[0],[0],[0],[0]], [[0],[0],[0],[0]]
[[0],[0],[0],[0]], [[1676],[1677],[1678],[1679]]
[[0],[0],[0],[0]], [[0],[0],[0],[0]]
[[1680],[1681],[1682],[1683]], [[0],[0],[0],[0]]
[[0],[0],[0],[0]], [[0],[0],[0],[0]]
[[0],[0],[0],[0]], [[1680],[1681],[1682],[1683]]
[[0],[0],[0],[0]], [[0],[0],[0],[0]]
[[1684],[1685],[1686],[1687]], [[0],[0],[0],[0]]
[[0],[0],[0],[0]], [[0],[0],[0],[0]]
[[0],[0],[0],[0]], [[1684],[1685],[1686],[1687]]
[[0],[0],[0],[0]], [[0],[0],[0],[0]]
[[1688],[1689],[1690],[1691]], [[0],[0],[0],[0]]
[[0],[0],[0],[0]], [[0],[0],[0],[0]]
[[0],[0],[0],[0]], [[1688],[1689],[1690],[1691]]
[[0],[0],[0],[0]], [[0],[0],[0],[0]]
[[1692],[1693],[1694],[1695]], [[0],[0],[0],[0]]
[[0],[0],[0],[0]], [[0],[0],[0],[0]]
[[0],[0],[0],[0]], [[1692],[1693],[1694],[1695]]
[[0],[0],[0],[0]], [[0],[0],[0],[0]]
[[1696],[1697],[1698],[1699]], [[0],[0],[0],[0]]
[[0],[0],[0],[0]], [[0],[0],[0],[0]]
[[0],[0],[0],[0]], [[1696],[1697],[1698],[1699]]
[[0],[0],[0],[0]], [[0],[0],[0],[0]]
[[1700],[1701],[1702],[1703]], [[0],[0],[0],[0]]
[[0],[0],[0],[0]], [[0],[0],[0],[0]]
[[0],[0],[0],[0]], [[1700],[1701],[1702],[1703]]
[[0],[0],[0],[0]], [[0],[0],[0],[0]]
[[1704],[1705],[1706],[1707]], [[0],[0],[0],[0]]
[[0],[0],[0],[0]], [[0],[0],[0],[0]]
[[0],[0],[0],[0]], [[1704],[1705],[1706],[1707]]
[[0],[0],[0],[0]], [[0],[0],[0],[0]]
[[1708],[1709],[1710],[1711]], [[0],[0],[0],[0]]
[[0],[0],[0],[0]], [[0],[0],[0],[0]]
[[0],[0],[0],[0]], [[1708],[1709],[1710],[1711]]
[[0],[0],[0],[0]], [[0],[0],[0],[0]]
[[1712],[1713],[1714],[1715]], [[0],[0],[0],[0]]
[[0],[0],[0],[0]], [[0],[0],[0],[0]]
[[0],[0],[0],[0]], [[1712],[1713],[1714],[1715]]
[[0],[0],[0],[0]], [[0],[0],[0],[0]]
[[1716],[1717],[1718],[1719]], [[0],[0],[0],[0]]
[[0],[0],[0],[0]], [[0],[0],[0],[0]]
[[0],[0],[0],[0]], [[1716],[1717],[1718],[1719]]
[[0],[0],[0],[0]], [[0],[0],[0],[0]]
[[1720],[1721],[1722],[1723]], [[0],[0],[0],[0]]
[[0],[0],[0],[0]], [[0],[0],[0],[0]]
[[0],[0],[0],[0]], [[1720],[1721],[1722],[1723]]
[[0],[0],[0],[0]], [[0],[0],[0],[0]]
[[1724],[1725],[1726],[1727]], [[0],[0],[0],[0]]
[[0],[0],[0],[0]], [[0],[0],[0],[0]]
[[0],[0],[0],[0]], [[1724],[1725],[1726],[1727]]
[[0],[0],[0],[0]], [[0],[0],[0],[0]]
[[1728],[1729],[1730],[1731]], [[0],[0],[0],[0]]
[[0],[0],[0],[0]], [[0],[0],[0],[0]]
[[0],[0],[0],[0]], [[1728],[1729],[1730],[1731]]
[[0],[0],[0],[0]], [[0],[0],[0],[0]]
[[1732],[1733],[1734],[1735]], [[0],[0],[0],[0]]
[[0],[0],[0],[0]], [[0],[0],[0],[0]]
[[0],[0],[0],[0]], [[1732],[1733],[1734],[1735]]
[[0],[0],[0],[0]], [[0],[0],[0],[0]]
[[1736],[1737],[1738],[1739]], [[0],[0],[0],[0]]
[[0],[0],[0],[0]], [[0],[0],[0],[0]]
[[0],[0],[0],[0]], [[1736],[1737],[1738],[1739]]
[[0],[0],[0],[0]], [[0],[0],[0],[0]]
[[1740],[1741],[1742],[1743]], [[0],[0],[0],[0]]
[[0],[0],[0],[0]], [[0],[0],[0],[0]]
[[0],[0],[0],[0]], [[1740],[1741],[1742],[1743]]
[[0],[0],[0],[0]], [[0],[0],[0],[0]]
[[1744],[1745],[1746],[1747]], [[0],[0],[0],[0]]
[[0],[0],[0],[0]], [[0],[0],[0],[0]]
[[0],[0],[0],[0]], [[1744],[1745],[1746],[1747]]
[[0],[0],[0],[0]], [[0],[0],[0],[0]]
[[1748],[1749],[1750],[1751]], [[0],[0],[0],[0]]
[[0],[0],[0],[0]], [[0],[0],[0],[0]]
[[0],[0],[0],[0]], [[1748],[1749],[1750],[1751]]
[[0],[0],[0],[0]], [[0],[0],[0],[0]]
[[1752],[1753],[1754],[1755]], [[0],[0],[0],[0]]
[[0],[0],[0],[0]], [[0],[0],[0],[0]]
[[0],[0],[0],[0]], [[1752],[1753],[1754],[1755]]
[[0],[0],[0],[0]], [[0],[0],[0],[0]]
[[1756],[1757],[1758],[1759]], [[0],[0],[0],[0]]
[[0],[0],[0],[0]], [[0],[0],[0],[0]]
[[0],[0],[0],[0]], [[1756],[1757],[1758],[1759]]
[[0],[0],[0],[0]], [[0],[0],[0],[0]]
[[1760],[1761],[1762],[1763]], [[0],[0],[0],[0]]
[[0],[0],[0],[0]], [[0],[0],[0],[0]]
[[0],[0],[0],[0]], [[1760],[1761],[1762],[1763]]
[[0],[0],[0],[0]], [[0],[0],[0],[0]]
[[1764],[1765],[1766],[1767]], [[0],[0],[0],[0]]
[[0],[0],[0],[0]], [[0],[0],[0],[0]]
[[0],[0],[0],[0]], [[1764],[1765],[1766],[1767]]
[[0],[0],[0],[0]], [[0],[0],[0],[0]]
[[1768],[1769],[1770],[1771]], [[0],[0],[0],[0]]
[[0],[0],[0],[0]], [[0],[0],[0],[0]]
[[0],[0],[0],[0]], [[1768],[1769],[1770],[1771]]
[[0],[0],[0],[0]], [[0],[0],[0],[0]]
[[1772],[1773],[1774],[1775]], [[0],[0],[0],[0]]
[[0],[0],[0],[0]], [[0],[0],[0],[0]]
[[0],[0],[0],[0]], [[1772],[1773],[1774],[1775]]
[[0],[0],[0],[0]], [[0],[0],[0],[0]]
[[1776],[1777],[1778],[1779]], [[0],[0],[0],[0]]
[[0],[0],[0],[0]], [[0],[0],[0],[0]]
[[0],[0],[0],[0]], [[1776],[1777],[1778],[1779]]
[[0],[0],[0],[0]], [[0],[0],[0],[0]]
[[1780],[1781],[1782],[1783]], [[0],[0],[0],[0]]
[[0],[0],[0],[0]], [[0],[0],[0],[0]]
[[0],[0],[0],[0]], [[1780],[1781],[1782],[1783]]
[[0],[0],[0],[0]], [[0],[0],[0],[0]]
[[1784],[1785],[1786],[1787]], [[0],[0],[0],[0]]
[[0],[0],[0],[0]], [[0],[0],[0],[0]]
[[0],[0],[0],[0]], [[1784],[1785],[1786],[1787]]
[[0],[0],[0],[0]], [[0],[0],[0],[0]]
[[1788],[1789],[1790],[1791]], [[0],[0],[0],[0]]
[[0],[0],[0],[0]], [[0],[0],[0],[0]]
[[0],[0],[0],[0]], [[1788],[1789],[1790],[1791]]
[[0],[0],[0],[0]], [[0],[0],[0],[0]]
[[1792],[1793],[1794],[1795]], [[0],[0],[0],[0]]
[[0],[0],[0],[0]], [[0],[0],[0],[0]]
[[0],[0],[0],[0]], [[1792],[1793],[1794],[1795]]
[[0],[0],[0],[0]], [[0],[0],[0],[0]]
[[1796],[1797],[1798],[1799]], [[0],[0],[0],[0]]
[[0],[0],[0],[0]], [[0],[0],[0],[0]]
[[0],[0],[0],[0]], [[1796],[1797],[1798],[1799]]
[[0],[0],[0],[0]], [[0],[0],[0],[0]]
[[1800],[1801],[1802],[1803]], [[0],[0],[0],[0]]
[[0],[0],[0],[0]], [[0],[0],[0],[0]]
[[0],[0],[0],[0]], [[1800],[1801],[1802],[1803]]
[[0],[0],[0],[0]], [[0],[0],[0],[0]]
[[1804],[1805],[1806],[1807]], [[0],[0],[0],[0]]
[[0],[0],[0],[0]], [[0],[0],[0],[0]]
[[0],[0],[0],[0]], [[1804],[1805],[1806],[1807]]
[[0],[0],[0],[0]], [[0],[0],[0],[0]]
[[1808],[1809],[1810],[1811]], [[0],[0],[0],[0]]
[[0],[0],[0],[0]], [[0],[0],[0],[0]]
[[0],[0],[0],[0]], [[1808],[1809],[1810],[1811]]
[[0],[0],[0],[0]], [[0],[0],[0],[0]]
[[1812],[1813],[1814],[1815]], [[0],[0],[0],[0]]
[[0],[0],[0],[0]], [[0],[0],[0],[0]]
[[0],[0],[0],[0]], [[1812],[1813],[1814],[1815]]
[[0],[0],[0],[0]], [[0],[0],[0],[0]]
[[1816],[1817],[1818],[1819]], [[0],[0],[0],[0]]
[[0],[0],[0],[0]], [[0],[0],[0],[0]]
[[0],[0],[0],[0]], [[1816],[1817],[1818],[1819]]
[[0],[0],[0],[0]], [[0],[0],[0],[0]]
[[1820],[1821],[1822],[1823]], [[0],[0],[0],[0]]
[[0],[0],[0],[0]], [[0],[0],[0],[0]]
[[0],[0],[0],[0]], [[1820],[1821],[1822],[1823]]
[[0],[0],[0],[0]], [[0],[0],[0],[0]]
[[1824],[1825],[1826],[1827]], [[0],[0],[0],[0]]
[[0],[0],[0],[0]], [[0],[0],[0],[0]]
[[0],[0],[0],[0]], [[1824],[1825],[1826],[1827]]
[[0],[0],[0],[0]], [[0],[0],[0],[0]]
[[1828],[1829],[1830],[1831]], [[0],[0],[0],[0]]
[[0],[0],[0],[0]], [[0],[0],[0],[0]]
[[0],[0],[0],[0]], [[1828],[1829],[1830],[1831]]
[[0],[0],[0],[0]], [[0],[0],[0],[0]]
[[1832],[1833],[1834],[1835]], [[0],[0],[0],[0]]
[[0],[0],[0],[0]], [[0],[0],[0],[0]]
[[0],[0],[0],[0]], [[1832],[1833],[1834],[1835]]
[[0],[0],[0],[0]], [[0],[0],[0],[0]]
[[1836],[1837],[1838],[1839]], [[0],[0],[0],[0]]
[[0],[0],[0],[0]], [[0],[0],[0],[0]]
[[0],[0],[0],[0]], [[1836],[1837],[1838],[1839]]
[[0],[0],[0],[0]], [[0],[0],[0],[0]]
[[1840],[1841],[1842],[1843]], [[0],[0],[0],[0]]
[[0],[0],[0],[0]], [[0],[0],[0],[0]]
[[0],[0],[0],[0]], [[1840],[1841],[1842],[1843]]
[[0],[0],[0],[0]], [[0],[0],[0],[0]]
[[1844],[1845],[1846],[1847]], [[0],[0],[0],[0]]
[[0],[0],[0],[0]], [[0],[0],[0],[0]]
[[0],[0],[0],[0]], [[1844],[1845],[1846],[1847]]
[[0],[0],[0],[0]], [[0],[0],[0],[0]]
[[1848],[1849],[1850],[1851]], [[0],[0],[0],[0]]
[[0],[0],[0],[0]], [[0],[0],[0],[0]]
[[0],[0],[0],[0]], [[1848],[1849],[1850],[1851]]
[[0],[0],[0],[0]], [[0],[0],[0],[0]]
[[1852],[1853],[1854],[1855]], [[0],[0],[0],[0]]
[[0],[0],[0],[0]], [[0],[0],[0],[0]]
[[0],[0],[0],[0]], [[1852],[1853],[1854],[1855]]
[[0],[0],[0],[0]], [[0],[0],[0],[0]]
[[1856],[1857],[1858],[1859]], [[0],[0],[0],[0]]
[[0],[0],[0],[0]], [[0],[0],[0],[0]]
[[0],[0],[0],[0]], [[1856],[1857],[1858],[1859]]
[[0],[0],[0],[0]], [[0],[0],[0],[0]]
[[1860],[1861],[1862],[1863]], [[0],[0],[0],[0]]
[[0],[0],[0],[0]], [[0],[0],[0],[0]]
[[0],[0],[0],[0]], [[1860],[1861],[1862],[1863]]
[[0],[0],[0],[0]], [[0],[0],[0],[0]]
[[1864],[1865],[1866],[1867]], [[0],[0],[0],[0]]
[[0],[0],[0],[0]], [[0],[0],[0],[0]]
[[0],[0],[0],[0]], [[1864],[1865],[1866],[1867]]
[[0],[0],[0],[0]], [[0],[0],[0],[0]]
[[1868],[1869],[1870],[1871]], [[0],[0],[0],[0]]
[[0],[0],[0],[0]], [[0],[0],[0],[0]]
[[0],[0],[0],[0]], [[1868],[1869],[1870],[1871]]
[[0],[0],[0],[0]], [[0],[0],[0],[0]]
[[1872],[1873],[1874],[1875]], [[0],[0],[0],[0]]
[[0],[0],[0],[0]], [[0],[0],[0],[0]]
[[0],[0],[0],[0]], [[1872],[1873],[1874],[1875]]
[[0],[0],[0],[0]], [[0],[0],[0],[0]]
[[1876],[1877],[1878],[1879]], [[0],[0],[0],[0]]
[[0],[0],[0],[0]], [[0],[0],[0],[0]]
[[0],[0],[0],[0]], [[1876],[1877],[1878],[1879]]
[[0],[0],[0],[0]], [[0],[0],[0],[0]]
[[1880],[1881],[1882],[1883]], [[0],[0],[0],[0]]
[[0],[0],[0],[0]], [[0],[0],[0],[0]]
[[0],[0],[0],[0]], [[1880],[1881],[1882],[1883]]
[[0],[0],[0],[0]], [[0],[0],[0],[0]]
[[1884],[1885],[1886],[1887]], [[0],[0],[0],[0]]
[[0],[0],[0],[0]], [[0],[0],[0],[0]]
[[0],[0],[0],[0]], [[1884],[1885],[1886],[1887]]
[[0],[0],[0],[0]], [[0],[0],[0],[0]]
[[1888],[1889],[1890],[1891]], [[0],[0],[0],[0]]
[[0],[0],[0],[0]], [[0],[0],[0],[0]]
[[0],[0],[0],[0]], [[1888],[1889],[1890],[1891]]
[[0],[0],[0],[0]], [[0],[0],[0],[0]]
[[1892],[1893],[1894],[1895]], [[0],[0],[0],[0]]
[[0],[0],[0],[0]], [[0],[0],[0],[0]]
[[0],[0],[0],[0]], [[1892],[1893],[1894],[1895]]
[[0],[0],[0],[0]], [[0],[0],[0],[0]]
[[1896],[1897],[1898],[1899]], [[0],[0],[0],[0]]
[[0],[0],[0],[0]], [[0],[0],[0],[0]]
[[0],[0],[0],[0]], [[1896],[1897],[1898],[1899]]
[[0],[0],[0],[0]], [[0],[0],[0],[0]]
[[1900],[1901],[1902],[1903]], [[0],[0],[0],[0]]
[[0],[0],[0],[0]], [[0],[0],[0],[0]]
[[0],[0],[0],[0]], [[1900],[1901],[1902],[1903]]
[[0],[0],[0],[0]], [[0],[0],[0],[0]]
[[1904],[1905],[1906],[1907]], [[0],[0],[0],[0]]
[[0],[0],[0],[0]], [[0],[0],[0],[0]]
[[0],[0],[0],[0]], [[1904],[1905],[1906],[1907]]
[[0],[0],[0],[0]], [[0],[0],[0],[0]]
[[1908],[1909],[1910],[1911]], [[0],[0],[0],[0]]
[[0],[0],[0],[0]], [[0],[0],[0],[0]]
[[0],[0],[0],[0]], [[1908],[1909],[1910],[1911]]
[[0],[0],[0],[0]], [[0],[0],[0],[0]]
[[1912],[1913],[1914],[1915]], [[0],[0],[0],[0]]
[[0],[0],[0],[0]], [[0],[0],[0],[0]]
[[0],[0],[0],[0]], [[1912],[1913],[1914],[1915]]
[[0],[0],[0],[0]], [[0],[0],[0],[0]]
[[1916],[1917],[1918],[1919]], [[0],[0],[0],[0]]
[[0],[0],[0],[0]], [[0],[0],[0],[0]]
[[0],[0],[0],[0]], [[1916],[1917],[1918],[1919]]
[[0],[0],[0],[0]], [[0],[0],[0],[0]]
[[1920],[1921],[1922],[1923]], [[0],[0],[0],[0]]
[[0],[0],[0],[0]], [[0],[0],[0],[0]]
[[0],[0],[0],[0]], [[1920],[1921],[1922],[1923]]
[[0],[0],[0],[0]], [[0],[0],[0],[0]]
[[1924],[1925],[1926],[1927]], [[0],[0],[0],[0]]
[[0],[0],[0],[0]], [[0],[0],[0],[0]]
[[0],[0],[0],[0]], [[1924],[1925],[1926],[1927]]
[[0],[0],[0],[0]], [[0],[0],[0],[0]]
[[1928],[1929],[1930],[1931]], [[0],[0],[0],[0]]
[[0],[0],[0],[0]], [[0],[0],[0],[0]]
[[0],[0],[0],[0]], [[1928],[1929],[1930],[1931]]
[[0],[0],[0],[0]], [[0],[0],[0],[0]]
[[1932],[1933],[1934],[1935]], [[0],[0],[0],[0]]
[[0],[0],[0],[0]], [[0],[0],[0],[0]]
[[0],[0],[0],[0]], [[1932],[1933],[1934],[1935]]
[[0],[0],[0],[0]], [[0],[0],[0],[0]]
[[1936],[1937],[1938],[1939]], [[0],[0],[0],[0]]
[[0],[0],[0],[0]], [[0],[0],[0],[0]]
[[0],[0],[0],[0]], [[1936],[1937],[1938],[1939]]
[[0],[0],[0],[0]], [[0],[0],[0],[0]]
[[1940],[1941],[1942],[1943]], [[0],[0],[0],[0]]
[[0],[0],[0],[0]], [[0],[0],[0],[0]]
[[0],[0],[0],[0]], [[1940],[1941],[1942],[1943]]
[[0],[0],[0],[0]], [[0],[0],[0],[0]]
[[1944],[1945],[1946],[1947]], [[0],[0],[0],[0]]
[[0],[0],[0],[0]], [[0],[0],[0],[0]]
[[0],[0],[0],[0]], [[1944],[1945],[1946],[1947]]
[[0],[0],[0],[0]], [[0],[0],[0],[0]]
[[1948],[1949],[1950],[1951]], [[0],[0],[0],[0]]
[[0],[0],[0],[0]], [[0],[0],[0],[0]]
[[0],[0],[0],[0]], [[1948],[1949],[1950],[1951]]
[[0],[0],[0],[0]], [[0],[0],[0],[0]]
[[1952],[1953],[1954],[1955]], [[0],[0],[0],[0]]
[[0],[0],[0],[0]], [[0],[0],[0],[0]]
[[0],[0],[0],[0]], [[1952],[1953],[1954],[1955]]
[[0],[0],[0],[0]], [[0],[0],[0],[0]]
[[1956],[1957],[1958],[1959]], [[0],[0],[0],[0]]
[[0],[0],[0],[0]], [[0],[0],[0],[0]]
[[0],[0],[0],[0]], [[1956],[1957],[1958],[1959]]
[[0],[0],[0],[0]], [[0],[0],[0],[0]]
[[1960],[1961],[1962],[1963]], [[0],[0],[0],[0]]
[[0],[0],[0],[0]], [[0],[0],[0],[0]]
[[0],[0],[0],[0]], [[1960],[1961],[1962],[1963]]
[[0],[0],[0],[0]], [[0],[0],[0],[0]]
[[1964],[1965],[1966],[1967]], [[0],[0],[0],[0]]
[[0],[0],[0],[0]], [[0],[0],[0],[0]]
[[0],[0],[0],[0]], [[1964],[1965],[1966],[1967]]
[[0],[0],[0],[0]], [[0],[0],[0],[0]]
[[1968],[1969],[1970],[1971]], [[0],[0],[0],[0]]
[[0],[0],[0],[0]], [[0],[0],[0],[0]]
[[0],[0],[0],[0]], [[1968],[1969],[1970],[1971]]
[[0],[0],[0],[0]], [[0],[0],[0],[0]]
[[1972],[1973],[1974],[1975]], [[0],[0],[0],[0]]
[[0],[0],[0],[0]], [[0],[0],[0],[0]]
[[0],[0],[0],[0]], [[1972],[1973],[1974],[1975]]
[[0],[0],[0],[0]], [[0],[0],[0],[0]]
[[1976],[1977],[1978],[1979]], [[0],[0],[0],[0]]
[[0],[0],[0],[0]], [[0],[0],[0],[0]]
[[0],[0],[0],[0]], [[1976],[1977],[1978],[1979]]
[[0],[0],[0],[0]], [[0],[0],[0],[0]]
[[1980],[1981],[1982],[1983]], [[0],[0],[0],[0]]
[[0],[0],[0],[0]], [[0],[0],[0],[0]]
[[0],[0],[0],[0]], [[1980],[1981],[1982],[1983]]
[[0],[0],[0],[0]], [[0],[0],[0],[0]]
[[1984],[1985],[1986],[1987]], [[0],[0],[0],[0]]
[[0],[0],[0],[0]], [[0],[0],[0],[0]]
[[0],[0],[0],[0]], [[1984],[1985],[1986],[1987]]
[[0],[0],[0],[0]], [[0],[0],[0],[0]]
[[1988],[1989],[1990],[1991]], [[0],[0],[0],[0]]
[[0],[0],[0],[0]], [[0],[0],[0],[0]]
[[0],[0],[0],[0]], [[1988],[1989],[1990],[1991]]
[[0],[0],[0],[0]], [[0],[0],[0],[0]]
[[1992],[1993],[1994],[1995]], [[0],[0],[0],[0]]
[[0],[0],[0],[0]], [[0],[0],[0],[0]]
[[0],[0],[0],[0]], [[1992],[1993],[1994],[1995]]
[[0],[0],[0],[0]], [[0],[0],[0],[0]]
[[1996],[1997],[1998],[1999]], [[0],[0],[0],[0]]
[[0],[0],[0],[0]], [[0],[0],[0],[0]]
[[0],[0],[0],[0]], [[1996],[1997],[1998],[1999]]
[[0],[0],[0],[0]], [[0],[0],[0],[0]]
[[2000],[2001],[2002],[2003]], [[0],[0],[0],[0]]
[[0],[0],[0],[0]], [[0],[0],[0],[0]]
[[0],[0],[0],[0]], [[2000],[2001],[2002],[2003]]
[[0],[0],[0],[0]], [[0],[0],[0],[0]]
[[2004],[2005],[2006],[2007]], [[0],[0],[0],[0]]
[[0],[0],[0],[0]], [[0],[0],[0],[0]]
[[0],[0],[0],[0]], [[2004],[2005],[2006],[2007]]
[[0],[0],[0],[0]], [[0],[0],[0],[0]]
[[2008],[2009],[2010],[2011]], [[0],[0],[0],[0]]
[[0],[0],[0],[0]], [[0],[0],[0],[0]]
[[0],[0],[0],[0]], [[2008],[2009],[2010],[2011]]
[[0],[0],[0],[0]], [[0],[0],[0],[0]]
[[2012],[2013],[2014],[2015]], [[0],[0],[0],[0]]
[[0],[0],[0],[0]], [[0],[0],[0],[0]]
[[0],[0],[0],[0]], [[2012],[2013],[2014],[2015]]
[[0],[0],[0],[0]], [[0],[0],[0],[0]]
[[2016],[2017],[2018],[2019]], [[0],[0],[0],[0]]
[[0],[0],[0],[0]], [[0],[0],[0],[0]]
[[0],[0],[0],[0]], [[2016],[2017],[2018],[2019]]
[[0],[0],[0],[0]], [[0],[0],[0],[0]]
[[2020],[2021],[2022],[2023]], [[0],[0],[0],[0]]
[[0],[0],[0],[0]], [[0],[0],[0],[0]]
[[0],[0],[0],[0]], [[2020],[2021],[2022],[2023]]
[[0],[0],[0],[0]], [[0],[0],[0],[0]]
[[2024],[2025],[2026],[2027]], [[0],[0],[0],[0]]
[[0],[0],[0],[0]], [[0],[0],[0],[0]]
[[0],[0],[0],[0]], [[2024],[2025],[2026],[2027]]
[[0],[0],[0],[0]], [[0],[0],[0],[0]]
[[2028],[2029],[2030],[2031]], [[0],[0],[0],[0]]
[[0],[0],[0],[0]], [[0],[0],[0],[0]]
[[0],[0],[0],[0]], [[2028],[2029],[2030],[2031]]
[[0],[0],[0],[0]], [[0],[0],[0],[0]]
[[2032],[2033],[2034],[2035]], [[0],[0],[0],[0]]
[[0],[0],[0],[0]], [[0],[0],[0],[0]]
[[0],[0],[0],[0]], [[2032],[2033],[2034],[2035]]
[[0],[0],[0],[0]], [[0],[0],[0],[0]]
[[2036],[2037],[2038],[2039]], [[0],[0],[0],[0]]
[[0],[0],[0],[0]], [[0],[0],[0],[0]]
[[0],[0],[0],[0]], [[2036],[2037],[2038],[2039]]
[[0],[0],[0],[0]], [[0],[0],[0],[0]]
[[2040],[2041],[2042],[2043]], [[0],[0],[0],[0]]
[[0],[0],[0],[0]], [[0],[0],[0],[0]]
[[0],[0],[0],[0]], [[2040],[2041],[2042],[2043]]
[[0],[0],[0],[0]], [[0],[0],[0],[0]]
[[2044],[2045],[2046],[2047]], [[0],[0],[0],[0]]
[[0],[0],[0],[0]], [[0],[0],[0],[0]]
[[0],[0],[0],[0]], [[2044],[2045],[2046],[2047]]
[[0],[0],[0],[0]], [[0],[0],[0],[0]]
[[2048],[2049],[2050],[2051]], [[0],[0],[0],[0]]
[[0],[0],[0],[0]], [[0],[0],[0],[0]]
[[0],[0],[0],[0]], [[2048],[2049],[2050],[2051]]
[[0],[0],[0],[0]], [[0],[0],[0],[0]]
[[2052],[2053],[2054],[2055]], [[0],[0],[0],[0]]
[[0],[0],[0],[0]], [[0],[0],[0],[0]]
[[0],[0],[0],[0]], [[2052],[2053],[2054],[2055]]
[[0],[0],[0],[0]], [[0],[0],[0],[0]]
[[2056],[2057],[2058],[2059]], [[0],[0],[0],[0]]
[[0],[0],[0],[0]], [[0],[0],[0],[0]]
[[0],[0],[0],[0]], [[2056],[2057],[2058],[2059]]
[[0],[0],[0],[0]], [[0],[0],[0],[0]]
[[2060],[2061],[2062],[2063]], [[0],[0],[0],[0]]
[[0],[0],[0],[0]], [[0],[0],[0],[0]]
[[0],[0],[0],[0]], [[2060],[2061],[2062],[2063]]
[[0],[0],[0],[0]], [[0],[0],[0],[0]]
[[2064],[2065],[2066],[2067]], [[0],[0],[0],[0]]
[[0],[0],[0],[0]], [[0],[0],[0],[0]]
[[0],[0],[0],[0]], [[2064],[2065],[2066],[2067]]
[[0],[0],[0],[0]], [[0],[0],[0],[0]]
[[2068],[2069],[2070],[2071]], [[0],[0],[0],[0]]
[[0],[0],[0],[0]], [[0],[0],[0],[0]]
[[0],[0],[0],[0]], [[2068],[2069],[2070],[2071]]
[[0],[0],[0],[0]], [[0],[0],[0],[0]]
[[2072],[2073],[2074],[2075]], [[0],[0],[0],[0]]
[[0],[0],[0],[0]], [[0],[0],[0],[0]]
[[0],[0],[0],[0]], [[2072],[2073],[2074],[2075]]
[[0],[0],[0],[0]], [[0],[0],[0],[0]]
[[2076],[2077],[2078],[2079]], [[0],[0],[0],[0]]
[[0],[0],[0],[0]], [[0],[0],[0],[0]]
[[0],[0],[0],[0]], [[2076],[2077],[2078],[2079]]
[[0],[0],[0],[0]], [[0],[0],[0],[0]]
[[2080],[2081],[2082],[2083]], [[0],[0],[0],[0]]
[[0],[0],[0],[0]], [[0],[0],[0],[0]]
[[0],[0],[0],[0]], [[2080],[2081],[2082],[2083]]
[[0],[0],[0],[0]], [[0],[0],[0],[0]]
[[2084],[2085],[2086],[2087]], [[0],[0],[0],[0]]
[[0],[0],[0],[0]], [[0],[0],[0],[0]]
[[0],[0],[0],[0]], [[2084],[2085],[2086],[2087]]
[[0],[0],[0],[0]], [[0],[0],[0],[0]]
[[2088],[2089],[2090],[2091]], [[0],[0],[0],[0]]
[[0],[0],[0],[0]], [[0],[0],[0],[0]]
[[0],[0],[0],[0]], [[2088],[2089],[2090],[2091]]
[[0],[0],[0],[0]], [[0],[0],[0],[0]]
[[2092],[2093],[2094],[2095]], [[0],[0],[0],[0]]
[[0],[0],[0],[0]], [[0],[0],[0],[0]]
[[0],[0],[0],[0]], [[2092],[2093],[2094],[2095]]
[[0],[0],[0],[0]], [[0],[0],[0],[0]]
[[2096],[2097],[2098],[2099]], [[0],[0],[0],[0]]
[[0],[0],[0],[0]], [[0],[0],[0],[0]]
[[0],[0],[0],[0]], [[2096],[2097],[2098],[2099]]
[[0],[0],[0],[0]], [[0],[0],[0],[0]]
[[2100],[2101],[2102],[2103]], [[0],[0],[0],[0]]
[[0],[0],[0],[0]], [[0],[0],[0],[0]]
[[0],[0],[0],[0]], [[2100],[2101],[2102],[2103]]
[[0],[0],[0],[0]], [[0],[0],[0],[0]]
[[2104],[2105],[2106],[2107]], [[0],[0],[0],[0]]
[[0],[0],[0],[0]], [[0],[0],[0],[0]]
[[0],[0],[0],[0]], [[2104],[2105],[2106],[2107]]
[[0],[0],[0],[0]], [[0],[0],[0],[0]]
[[2108],[2109],[2110],[2111]], [[0],[0],[0],[0]]
[[0],[0],[0],[0]], [[0],[0],[0],[0]]
[[0],[0],[0],[0]], [[2108],[2109],[2110],[2111]]
[[0],[0],[0],[0]], [[0],[0],[0],[0]]
[[2112],[2113],[2114],[2115]], [[0],[0],[0],[0]]
[[0],[0],[0],[0]], [[0],[0],[0],[0]]
[[0],[0],[0],[0]], [[2112],[2113],[2114],[2115]]
[[0],[0],[0],[0]], [[0],[0],[0],[0]]
[[2116],[2117],[2118],[2119]], [[0],[0],[0],[0]]
[[0],[0],[0],[0]], [[0],[0],[0],[0]]
[[0],[0],[0],[0]], [[2116],[2117],[2118],[2119]]
[[0],[0],[0],[0]], [[0],[0],[0],[0]]
[[2120],[2121],[2122],[2123]], [[0],[0],[0],[0]]
[[0],[0],[0],[0]], [[0],[0],[0],[0]]
[[0],[0],[0],[0]], [[2120],[2121],[2122],[2123]]
[[0],[0],[0],[0]], [[0],[0],[0],[0]]
[[2124],[2125],[2126],[2127]], [[0],[0],[0],[0]]
[[0],[0],[0],[0]], [[0],[0],[0],[0]]
[[0],[0],[0],[0]], [[2124],[2125],[2126],[2127]]
[[0],[0],[0],[0]], [[0],[0],[0],[0]]
[[2128],[2129],[2130],[2131]], [[0],[0],[0],[0]]
[[0],[0],[0],[0]], [[0],[0],[0],[0]]
[[0],[0],[0],[0]], [[2128],[2129],[2130],[2131]]
[[0],[0],[0],[0]], [[0],[0],[0],[0]]
[[2132],[2133],[2134],[2135]], [[0],[0],[0],[0]]
[[0],[0],[0],[0]], [[0],[0],[0],[0]]
[[0],[0],[0],[0]], [[2132],[2133],[2134],[2135]]
[[0],[0],[0],[0]], [[0],[0],[0],[0]]
[[2136],[2137],[2138],[2139]], [[0],[0],[0],[0]]
[[0],[0],[0],[0]], [[0],[0],[0],[0]]
[[0],[0],[0],[0]], [[2136],[2137],[2138],[2139]]
[[0],[0],[0],[0]], [[0],[0],[0],[0]]
[[2140],[2141],[2142],[2143]], [[0],[0],[0],[0]]
[[0],[0],[0],[0]], [[0],[0],[0],[0]]
[[0],[0],[0],[0]], [[2140],[2141],[2142],[2143]]
[[0],[0],[0],[0]], [[0],[0],[0],[0]]
[[2144],[2145],[2146],[2147]], [[0],[0],[0],[0]]
[[0],[0],[0],[0]], [[0],[0],[0],[0]]
[[0],[0],[0],[0]], [[2144],[2145],[2146],[2147]]
[[0],[0],[0],[0]], [[0],[0],[0],[0]]
[[2148],[2149],[2150],[2151]], [[0],[0],[0],[0]]
[[0],[0],[0],[0]], [[0],[0],[0],[0]]
[[0],[0],[0],[0]], [[2148],[2149],[2150],[2151]]
[[0],[0],[0],[0]], [[0],[0],[0],[0]]
[[2152],[2153],[2154],[2155]], [[0],[0],[0],[0]]
[[0],[0],[0],[0]], [[0],[0],[0],[0]]
[[0],[0],[0],[0]], [[2152],[2153],[2154],[2155]]
[[0],[0],[0],[0]], [[0],[0],[0],[0]]
[[2156],[2157],[2158],[2159]], [[0],[0],[0],[0]]
[[0],[0],[0],[0]], [[0],[0],[0],[0]]
[[0],[0],[0],[0]], [[2156],[2157],[2158],[2159]]
[[0],[0],[0],[0]], [[0],[0],[0],[0]]
[[2160],[2161],[2162],[2163]], [[0],[0],[0],[0]]
[[0],[0],[0],[0]], [[0],[0],[0],[0]]
[[0],[0],[0],[0]], [[2160],[2161],[2162],[2163]]
[[0],[0],[0],[0]], [[0],[0],[0],[0]]
[[2164],[2165],[2166],[2167]], [[0],[0],[0],[0]]
[[0],[0],[0],[0]], [[0],[0],[0],[0]]
[[0],[0],[0],[0]], [[2164],[2165],[2166],[2167]]
[[0],[0],[0],[0]], [[0],[0],[0],[0]]
[[2168],[2169],[2170],[2171]], [[0],[0],[0],[0]]
[[0],[0],[0],[0]], [[0],[0],[0],[0]]
[[0],[0],[0],[0]], [[2168],[2169],[2170],[2171]]
[[0],[0],[0],[0]], [[0],[0],[0],[0]]
[[2172],[2173],[2174],[2175]], [[0],[0],[0],[0]]
[[0],[0],[0],[0]], [[0],[0],[0],[0]]
[[0],[0],[0],[0]], [[2172],[2173],[2174],[2175]]
[[0],[0],[0],[0]], [[0],[0],[0],[0]]
[[2176],[2177],[2178],[2179]], [[0],[0],[0],[0]]
[[0],[0],[0],[0]], [[0],[0],[0],[0]]
[[0],[0],[0],[0]], [[2176],[2177],[2178],[2179]]
[[0],[0],[0],[0]], [[0],[0],[0],[0]]
[[2180],[2181],[2182],[2183]], [[0],[0],[0],[0]]
[[0],[0],[0],[0]], [[0],[0],[0],[0]]
[[0],[0],[0],[0]], [[2180],[2181],[2182],[2183]]
[[0],[0],[0],[0]], [[0],[0],[0],[0]]
[[2184],[2185],[2186],[2187]], [[0],[0],[0],[0]]
[[0],[0],[0],[0]], [[0],[0],[0],[0]]
[[0],[0],[0],[0]], [[2184],[2185],[2186],[2187]]
[[0],[0],[0],[0]], [[0],[0],[0],[0]]
[[2188],[2189],[2190],[2191]], [[0],[0],[0],[0]]
[[0],[0],[0],[0]], [[0],[0],[0],[0]]
[[0],[0],[0],[0]], [[2188],[2189],[2190],[2191]]
[[0],[0],[0],[0]], [[0],[0],[0],[0]]
[[2192],[2193],[2194],[2195]], [[0],[0],[0],[0]]
[[0],[0],[0],[0]], [[0],[0],[0],[0]]
[[0],[0],[0],[0]], [[2192],[2193],[2194],[2195]]
[[0],[0],[0],[0]], [[0],[0],[0],[0]]
[[2196],[2197],[2198],[2199]], [[0],[0],[0],[0]]
[[0],[0],[0],[0]], [[0],[0],[0],[0]]
[[0],[0],[0],[0]], [[2196],[2197],[2198],[2199]]
[[0],[0],[0],[0]], [[0],[0],[0],[0]]
[[2200],[2201],[2202],[2203]], [[0],[0],[0],[0]]
[[0],[0],[0],[0]], [[0],[0],[0],[0]]
[[0],[0],[0],[0]], [[2200],[2201],[2202],[2203]]
[[0],[0],[0],[0]], [[0],[0],[0],[0]]
[[2204],[2205],[2206],[2207]], [[0],[0],[0],[0]]
[[0],[0],[0],[0]], [[0],[0],[0],[0]]
[[0],[0],[0],[0]], [[2204],[2205],[2206],[2207]]
[[0],[0],[0],[0]], [[0],[0],[0],[0]]
[[2208],[2209],[2210],[2211]], [[0],[0],[0],[0]]
[[0],[0],[0],[0]], [[0],[0],[0],[0]]
[[0],[0],[0],[0]], [[2208],[2209],[2210],[2211]]
[[0],[0],[0],[0]], [[0],[0],[0],[0]]
[[2212],[2213],[2214],[2215]], [[0],[0],[0],[0]]
[[0],[0],[0],[0]], [[0],[0],[0],[0]]
[[0],[0],[0],[0]], [[2212],[2213],[2214],[2215]]
[[0],[0],[0],[0]], [[0],[0],[0],[0]]
[[2216],[2217],[2218],[2219]], [[0],[0],[0],[0]]
[[0],[0],[0],[0]], [[0],[0],[0],[0]]
[[0],[0],[0],[0]], [[2216],[2217],[2218],[2219]]
[[0],[0],[0],[0]], [[0],[0],[0],[0]]
[[2220],[2221],[2222],[2223]], [[0],[0],[0],[0]]
[[0],[0],[0],[0]], [[0],[0],[0],[0]]
[[0],[0],[0],[0]], [[2220],[2221],[2222],[2223]]
[[0],[0],[0],[0]], [[0],[0],[0],[0]]
[[2224],[2225],[2226],[2227]], [[0],[0],[0],[0]]
[[0],[0],[0],[0]], [[0],[0],[0],[0]]
[[0],[0],[0],[0]], [[2224],[2225],[2226],[2227]]
[[0],[0],[0],[0]], [[0],[0],[0],[0]]
[[2228],[2229],[2230],[2231]], [[0],[0],[0],[0]]
[[0],[0],[0],[0]], [[0],[0],[0],[0]]
[[0],[0],[0],[0]], [[2228],[2229],[2230],[2231]]
[[0],[0],[0],[0]], [[0],[0],[0],[0]]
[[2232],[2233],[2234],[2235]], [[0],[0],[0],[0]]
[[0],[0],[0],[0]], [[0],[0],[0],[0]]
[[0],[0],[0],[0]], [[2232],[2233],[2234],[2235]]
[[0],[0],[0],[0]], [[0],[0],[0],[0]]
[[2236],[2237],[2238],[2239]], [[0],[0],[0],[0]]
[[0],[0],[0],[0]], [[0],[0],[0],[0]]
[[0],[0],[0],[0]], [[2236],[2237],[2238],[2239]]
[[0],[0],[0],[0]], [[0],[0],[0],[0]]
[[2240],[2241],[2242],[2243]], [[0],[0],[0],[0]]
[[0],[0],[0],[0]], [[0],[0],[0],[0]]
[[0],[0],[0],[0]], [[2240],[2241],[2242],[2243]]
[[0],[0],[0],[0]], [[0],[0],[0],[0]]
[[2244],[2245],[2246],[2247]], [[0],[0],[0],[0]]
[[0],[0],[0],[0]], [[0],[0],[0],[0]]
[[0],[0],[0],[0]], [[2244],[2245],[2246],[2247]]
[[0],[0],[0],[0]], [[0],[0],[0],[0]]
[[2248],[2249],[2250],[2251]], [[0],[0],[0],[0]]
[[0],[0],[0],[0]], [[0],[0],[0],[0]]
[[0],[0],[0],[0]], [[2248],[2249],[2250],[2251]]
[[0],[0],[0],[0]], [[0],[0],[0],[0]]
[[2252],[2253],[2254],[2255]], [[0],[0],[0],[0]]
[[0],[0],[0],[0]], [[0],[0],[0],[0]]
[[0],[0],[0],[0]], [[2252],[2253],[2254],[2255]]
[[0],[0],[0],[0]], [[0],[0],[0],[0]]
[[2256],[2257],[2258],[2259]], [[0],[0],[0],[0]]
[[0],[0],[0],[0]], [[0],[0],[0],[0]]
[[0],[0],[0],[0]], [[2256],[2257],[2258],[2259]]
[[0],[0],[0],[0]], [[0],[0],[0],[0]]
[[2260],[2261],[2262],[2263]], [[0],[0],[0],[0]]
[[0],[0],[0],[0]], [[0],[0],[0],[0]]
[[0],[0],[0],[0]], [[2260],[2261],[2262],[2263]]
[[0],[0],[0],[0]], [[0],[0],[0],[0]]
[[2264],[2265],[2266],[2267]], [[0],[0],[0],[0]]
[[0],[0],[0],[0]], [[0],[0],[0],[0]]
[[0],[0],[0],[0]], [[2264],[2265],[2266],[2267]]
[[0],[0],[0],[0]], [[0],[0],[0],[0]]
[[2268],[2269],[2270],[2271]], [[0],[0],[0],[0]]
[[0],[0],[0],[0]], [[0],[0],[0],[0]]
[[0],[0],[0],[0]], [[2268],[2269],[2270],[2271]]
[[0],[0],[0],[0]], [[0],[0],[0],[0]]
[[2272],[2273],[2274],[2275]], [[0],[0],[0],[0]]
[[0],[0],[0],[0]], [[0],[0],[0],[0]]
[[0],[0],[0],[0]], [[2272],[2273],[2274],[2275]]
[[0],[0],[0],[0]], [[0],[0],[0],[0]]
[[2276],[2277],[2278],[2279]], [[0],[0],[0],[0]]
[[0],[0],[0],[0]], [[0],[0],[0],[0]]
[[0],[0],[0],[0]], [[2276],[2277],[2278],[2279]]
[[0],[0],[0],[0]], [[0],[0],[0],[0]]
[[2280],[2281],[2282],[2283]], [[0],[0],[0],[0]]
[[0],[0],[0],[0]], [[0],[0],[0],[0]]
[[0],[0],[0],[0]], [[2280],[2281],[2282],[2283]]
[[0],[0],[0],[0]], [[0],[0],[0],[0]]
[[2284],[2285],[2286],[2287]], [[0],[0],[0],[0]]
[[0],[0],[0],[0]], [[0],[0],[0],[0]]
[[0],[0],[0],[0]], [[2284],[2285],[2286],[2287]]
[[0],[0],[0],[0]], [[0],[0],[0],[0]]
[[2288],[2289],[2290],[2291]], [[0],[0],[0],[0]]
[[0],[0],[0],[0]], [[0],[0],[0],[0]]
[[0],[0],[0],[0]], [[2288],[2289],[2290],[2291]]
[[0],[0],[0],[0]], [[0],[0],[0],[0]]
[[2292],[2293],[2294],[2295]], [[0],[0],[0],[0]]
[[0],[0],[0],[0]], [[0],[0],[0],[0]]
[[0],[0],[0],[0]], [[2292],[2293],[2294],[2295]]
[[0],[0],[0],[0]], [[0],[0],[0],[0]]
[[2296],[2297],[2298],[2299]], [[0],[0],[0],[0]]
[[0],[0],[0],[0]], [[0],[0],[0],[0]]
[[0],[0],[0],[0]], [[2296],[2297],[2298],[2299]]
[[0],[0],[0],[0]], [[0],[0],[0],[0]]
[[2300],[2301],[2302],[2303]], [[0],[0],[0],[0]]
[[0],[0],[0],[0]], [[0],[0],[0],[0]]
[[0],[0],[0],[0]], [[2300],[2301],[2302],[2303]]
