data_in, wen, cen, data_out, valid_data
[[0],[0],[0],[0]], 0, 0, [[0],[0],[0],[0]], 0
[[0],[0],[0],[0]], 0, 0, [[0],[0],[0],[0]], 0
[[0],[0],[0],[0]], 0, 0, [[0],[0],[0],[0]], 0
[[0],[0],[0],[0]], 0, 0, [[0],[0],[0],[0]], 0
[[0],[1],[2],[3]], 1, 1, [[0],[0],[0],[0]], 0
[[0],[0],[0],[0]], 0, 0, [[0],[0],[0],[0]], 0
[[0],[0],[0],[0]], 0, 0, [[0],[0],[0],[0]], 0
[[0],[0],[0],[0]], 0, 0, [[0],[0],[0],[0]], 0
[[4],[5],[6],[7]], 1, 1, [[0],[0],[0],[0]], 0
[[0],[0],[0],[0]], 0, 0, [[0],[0],[0],[0]], 0
[[0],[0],[0],[0]], 0, 0, [[0],[0],[0],[0]], 0
[[0],[0],[0],[0]], 0, 0, [[0],[0],[0],[0]], 0
[[8],[9],[10],[11]], 1, 1, [[0],[0],[0],[0]], 0
[[0],[0],[0],[0]], 0, 0, [[0],[0],[0],[0]], 0
[[0],[0],[0],[0]], 0, 0, [[0],[0],[0],[0]], 0
[[0],[0],[0],[0]], 0, 0, [[0],[0],[0],[0]], 0
[[12],[13],[14],[15]], 1, 1, [[0],[0],[0],[0]], 0
[[0],[0],[0],[0]], 0, 0, [[0],[0],[0],[0]], 0
[[0],[0],[0],[0]], 0, 0, [[0],[0],[0],[0]], 0
[[0],[0],[0],[0]], 0, 0, [[0],[0],[0],[0]], 0
[[16],[17],[18],[19]], 1, 1, [[0],[0],[0],[0]], 0
[[0],[0],[0],[0]], 0, 0, [[0],[0],[0],[0]], 0
[[0],[0],[0],[0]], 0, 0, [[0],[0],[0],[0]], 0
[[0],[0],[0],[0]], 0, 0, [[0],[0],[0],[0]], 0
[[20],[21],[22],[23]], 1, 1, [[0],[0],[0],[0]], 0
[[0],[0],[0],[0]], 0, 0, [[0],[0],[0],[0]], 0
[[0],[0],[0],[0]], 0, 0, [[0],[0],[0],[0]], 0
[[0],[0],[0],[0]], 0, 0, [[0],[0],[0],[0]], 0
[[24],[25],[26],[27]], 1, 1, [[0],[0],[0],[0]], 0
[[0],[0],[0],[0]], 0, 1, [[0],[0],[0],[0]], 0
[[0],[0],[0],[0]], 0, 1, [[0],[1],[2],[3]], 1
[[0],[0],[0],[0]], 0, 0, [[16],[17],[18],[19]], 1
[[28],[29],[30],[31]], 1, 1, [[0],[0],[0],[0]], 0
[[0],[0],[0],[0]], 0, 1, [[0],[0],[0],[0]], 0
[[0],[0],[0],[0]], 0, 1, [[4],[5],[6],[7]], 1
[[0],[0],[0],[0]], 0, 0, [[20],[21],[22],[23]], 1
[[32],[33],[34],[35]], 1, 1, [[0],[0],[0],[0]], 0
[[0],[0],[0],[0]], 0, 1, [[0],[0],[0],[0]], 0
[[0],[0],[0],[0]], 0, 1, [[8],[9],[10],[11]], 1
[[0],[0],[0],[0]], 0, 0, [[24],[25],[26],[27]], 1
[[36],[37],[38],[39]], 1, 1, [[0],[0],[0],[0]], 0
[[0],[0],[0],[0]], 0, 1, [[0],[0],[0],[0]], 0
[[0],[0],[0],[0]], 0, 1, [[12],[13],[14],[15]], 1
[[0],[0],[0],[0]], 0, 0, [[28],[29],[30],[31]], 1
[[40],[41],[42],[43]], 1, 1, [[0],[0],[0],[0]], 0
[[0],[0],[0],[0]], 0, 1, [[0],[0],[0],[0]], 0
[[0],[0],[0],[0]], 0, 1, [[16],[17],[18],[19]], 1
[[0],[0],[0],[0]], 0, 0, [[32],[33],[34],[35]], 1
[[44],[45],[46],[47]], 1, 1, [[0],[0],[0],[0]], 0
[[0],[0],[0],[0]], 0, 1, [[0],[0],[0],[0]], 0
[[0],[0],[0],[0]], 0, 1, [[20],[21],[22],[23]], 1
[[0],[0],[0],[0]], 0, 0, [[36],[37],[38],[39]], 1
[[48],[49],[50],[51]], 1, 1, [[0],[0],[0],[0]], 0
[[0],[0],[0],[0]], 0, 1, [[0],[0],[0],[0]], 0
[[0],[0],[0],[0]], 0, 1, [[24],[25],[26],[27]], 1
[[0],[0],[0],[0]], 0, 0, [[40],[41],[42],[43]], 1
[[52],[53],[54],[55]], 1, 1, [[0],[0],[0],[0]], 0
[[0],[0],[0],[0]], 0, 1, [[0],[0],[0],[0]], 0
[[0],[0],[0],[0]], 0, 1, [[28],[29],[30],[31]], 1
[[0],[0],[0],[0]], 0, 0, [[44],[45],[46],[47]], 1
[[56],[57],[58],[59]], 1, 1, [[0],[0],[0],[0]], 0
[[0],[0],[0],[0]], 0, 1, [[0],[0],[0],[0]], 0
[[0],[0],[0],[0]], 0, 1, [[32],[33],[34],[35]], 1
[[0],[0],[0],[0]], 0, 0, [[48],[49],[50],[51]], 1
[[60],[61],[62],[63]], 1, 1, [[0],[0],[0],[0]], 0
[[0],[0],[0],[0]], 0, 1, [[0],[0],[0],[0]], 0
[[0],[0],[0],[0]], 0, 1, [[36],[37],[38],[39]], 1
[[0],[0],[0],[0]], 0, 0, [[52],[53],[54],[55]], 1
[[64],[65],[66],[67]], 1, 1, [[0],[0],[0],[0]], 0
[[0],[0],[0],[0]], 0, 1, [[0],[0],[0],[0]], 0
[[0],[0],[0],[0]], 0, 1, [[40],[41],[42],[43]], 1
[[0],[0],[0],[0]], 0, 0, [[56],[57],[58],[59]], 1
[[68],[69],[70],[71]], 1, 1, [[0],[0],[0],[0]], 0
[[0],[0],[0],[0]], 0, 1, [[0],[0],[0],[0]], 0
[[0],[0],[0],[0]], 0, 1, [[44],[45],[46],[47]], 1
[[0],[0],[0],[0]], 0, 0, [[60],[61],[62],[63]], 1
[[72],[73],[74],[75]], 1, 1, [[0],[0],[0],[0]], 0
[[0],[0],[0],[0]], 0, 1, [[0],[0],[0],[0]], 0
[[0],[0],[0],[0]], 0, 1, [[48],[49],[50],[51]], 1
[[0],[0],[0],[0]], 0, 0, [[64],[65],[66],[67]], 1
[[76],[77],[78],[79]], 1, 1, [[0],[0],[0],[0]], 0
[[0],[0],[0],[0]], 0, 1, [[0],[0],[0],[0]], 0
[[0],[0],[0],[0]], 0, 1, [[52],[53],[54],[55]], 1
[[0],[0],[0],[0]], 0, 0, [[68],[69],[70],[71]], 1
[[80],[81],[82],[83]], 1, 1, [[0],[0],[0],[0]], 0
[[0],[0],[0],[0]], 0, 1, [[0],[0],[0],[0]], 0
[[0],[0],[0],[0]], 0, 1, [[56],[57],[58],[59]], 1
[[0],[0],[0],[0]], 0, 0, [[72],[73],[74],[75]], 1
[[84],[85],[86],[87]], 1, 1, [[0],[0],[0],[0]], 0
[[0],[0],[0],[0]], 0, 1, [[0],[0],[0],[0]], 0
[[0],[0],[0],[0]], 0, 1, [[60],[61],[62],[63]], 1
[[0],[0],[0],[0]], 0, 0, [[76],[77],[78],[79]], 1
[[88],[89],[90],[91]], 1, 1, [[0],[0],[0],[0]], 0
[[0],[0],[0],[0]], 0, 1, [[0],[0],[0],[0]], 0
[[0],[0],[0],[0]], 0, 1, [[64],[65],[66],[67]], 1
[[0],[0],[0],[0]], 0, 0, [[80],[81],[82],[83]], 1
[[92],[93],[94],[95]], 1, 1, [[0],[0],[0],[0]], 0
[[0],[0],[0],[0]], 0, 1, [[0],[0],[0],[0]], 0
[[0],[0],[0],[0]], 0, 1, [[68],[69],[70],[71]], 1
[[0],[0],[0],[0]], 0, 0, [[84],[85],[86],[87]], 1
[[96],[97],[98],[99]], 1, 1, [[0],[0],[0],[0]], 0
[[0],[0],[0],[0]], 0, 1, [[0],[0],[0],[0]], 0
[[0],[0],[0],[0]], 0, 1, [[72],[73],[74],[75]], 1
[[0],[0],[0],[0]], 0, 0, [[88],[89],[90],[91]], 1
[[100],[101],[102],[103]], 1, 1, [[0],[0],[0],[0]], 0
[[0],[0],[0],[0]], 0, 1, [[0],[0],[0],[0]], 0
[[0],[0],[0],[0]], 0, 1, [[76],[77],[78],[79]], 1
[[0],[0],[0],[0]], 0, 0, [[92],[93],[94],[95]], 1
[[104],[105],[106],[107]], 1, 1, [[0],[0],[0],[0]], 0
[[0],[0],[0],[0]], 0, 1, [[0],[0],[0],[0]], 0
[[0],[0],[0],[0]], 0, 1, [[80],[81],[82],[83]], 1
[[0],[0],[0],[0]], 0, 0, [[96],[97],[98],[99]], 1
[[108],[109],[110],[111]], 1, 1, [[0],[0],[0],[0]], 0
[[0],[0],[0],[0]], 0, 1, [[0],[0],[0],[0]], 0
[[0],[0],[0],[0]], 0, 1, [[84],[85],[86],[87]], 1
[[0],[0],[0],[0]], 0, 0, [[100],[101],[102],[103]], 1
[[112],[113],[114],[115]], 1, 1, [[0],[0],[0],[0]], 0
[[0],[0],[0],[0]], 0, 1, [[0],[0],[0],[0]], 0
[[0],[0],[0],[0]], 0, 1, [[88],[89],[90],[91]], 1
[[0],[0],[0],[0]], 0, 0, [[104],[105],[106],[107]], 1
[[116],[117],[118],[119]], 1, 1, [[0],[0],[0],[0]], 0
[[0],[0],[0],[0]], 0, 1, [[0],[0],[0],[0]], 0
[[0],[0],[0],[0]], 0, 1, [[92],[93],[94],[95]], 1
[[0],[0],[0],[0]], 0, 0, [[108],[109],[110],[111]], 1
